transaction_id,order_date,order_time,province,category,channel,quantity,unit_price,amount,status,shipping_days
TX000001,2026-09-30,02:25:00,Ha Noi,Beauty,web,1,294947,294947,SUCCESS,2
TX000002,2026-09-23,23:58:00,Da Nang,Grocery,mobile,1,265514,265514,SUCCESS,3
TX000003,2026-09-05,15:38:00,Ha Noi,Electronics,partner,1,12741238,12741238,SUCCESS,3
TX000004,2026-09-09,18:01:00,Hai Phong,Electronics,mobile,1,8846997,8846997,SUCCESS,4
TX000005,2026-09-10,12:50:00,Hai Phong,Beauty,web,1,593405,593405,RETURNED,6
TX000006,2026-09-11,10:10:00,Dong Nai,Home,web,1,2839709,2839709,FAILED,5
TX000007,2026-09-13,01:19:00,Ha Noi,Beauty,web,1,839161,839161,SUCCESS,1
TX000008,2026-09-29,13:20:00,Ha Noi,Beauty,partner,2,1061571,2123142,SUCCESS,1
TX000009,2026-09-25,10:30:00,Binh Duong,Beauty,partner,2,411680,823360,SUCCESS,3
TX000010,2026-09-05,20:13:00,Dong Nai,Fashion,web,1,440527,440527,SUCCESS,2
TX000011,2026-09-17,12:28:00,Dong Nai,Home,web,1,860662,860662,SUCCESS,3
TX000012,2026-09-22,15:08:00,Lam Dong,Electronics,mobile,1,15398153,15398153,SUCCESS,7
TX000013,2026-09-06,12:10:00,Ha Noi,Electronics,web,1,1905792,1905792,FAILED,3
TX000014,2026-09-24,09:35:00,Ha Noi,Book,web,1,349391,349391,SUCCESS,1
TX000015,2026-09-30,23:47:00,Ho Chi Minh,Grocery,web,1,383036,383036,SUCCESS,1
TX000016,2026-09-09,17:16:00,Ha Noi,Grocery,partner,2,176037,352074,SUCCESS,1
TX000017,2026-09-25,14:27:00,Dong Nai,Toy,mobile,1,1962559,1962559,SUCCESS,5
TX000018,2026-09-21,16:59:00,Ho Chi Minh,Beauty,web,1,536551,536551,SUCCESS,1
TX000019,2026-09-27,14:04:00,Ho Chi Minh,Sport,partner,1,2645758,2645758,SUCCESS,1
TX000020,2026-09-12,04:55:00,Da Nang,Electronics,mobile,1,3950906,3950906,SUCCESS,3
TX000021,2026-09-19,00:18:00,Ha Noi,Book,partner,4,88033,352132,SUCCESS,2
TX000022,2026-09-13,01:40:00,Ha Noi,Fashion,partner,1,632301,632301,RETURNED,4
TX000023,2026-09-05,17:08:00,Lam Dong,Electronics,partner,1,5073143,5073143,SUCCESS,5
TX000024,2026-09-23,05:36:00,Ho Chi Minh,Sport,web,2,164871,329742,SUCCESS,3
TX000025,2026-09-21,02:36:00,Da Nang,Grocery,web,1,69449,69449,SUCCESS,5
TX000026,2026-09-02,21:41:00,Ho Chi Minh,Sport,web,1,1633435,1633435,FAILED,2
TX000027,2026-09-08,09:29:00,Bac Ninh,Home,partner,1,3653700,3653700,SUCCESS,4
TX000028,2026-09-05,22:04:00,Ho Chi Minh,Electronics,mobile,1,16993736,16993736,SUCCESS,3
TX000029,2026-09-04,03:49:00,Lam Dong,Fashion,partner,1,814471,814471,SUCCESS,5
TX000030,2026-09-15,06:37:00,Ho Chi Minh,Toy,mobile,1,73546,73546,SUCCESS,2
TX000031,2026-09-20,15:05:00,Ha Noi,Book,partner,1,115339,115339,SUCCESS,3
TX000032,2026-09-06,19:01:00,Ha Noi,Book,partner,1,348375,348375,SUCCESS,4
TX000033,2026-09-28,14:38:00,Can Tho,Grocery,web,1,298002,298002,SUCCESS,3
TX000034,2026-09-15,03:03:00,Ha Noi,Electronics,mobile,2,2019580,4039160,SUCCESS,4
TX000035,2026-09-19,04:31:00,Ha Noi,Book,mobile,1,272899,272899,SUCCESS,1
TX000036,2026-09-07,01:38:00,Binh Duong,Book,mobile,2,427106,854212,SUCCESS,5
TX000037,2026-09-12,19:06:00,Binh Duong,Home,partner,1,3889918,3889918,SUCCESS,4
TX000038,2026-09-04,16:00:00,Ha Noi,Fashion,mobile,1,568691,568691,SUCCESS,4
TX000039,2026-09-27,13:58:00,Lam Dong,Electronics,web,2,13963469,27926938,SUCCESS,7
TX000040,2026-09-23,05:16:00,Ha Noi,Grocery,mobile,1,206228,206228,SUCCESS,1
TX000041,2026-09-27,22:30:00,Da Nang,Electronics,mobile,1,15581858,15581858,SUCCESS,4
TX000042,2026-09-13,15:55:00,Binh Duong,Home,web,1,636925,636925,SUCCESS,2
TX000043,2026-09-12,06:05:00,Ha Noi,Electronics,web,1,6313103,6313103,SUCCESS,3
TX000044,2026-09-28,13:47:00,Da Nang,Beauty,web,1,1293589,1293589,RETURNED,7
TX000045,2026-09-27,22:43:00,Hai Phong,Book,web,1,408748,408748,SUCCESS,4
TX000046,2026-09-24,00:38:00,Can Tho,Electronics,partner,1,15294832,15294832,SUCCESS,5
TX000047,2026-09-25,11:49:00,Binh Duong,Grocery,mobile,2,476542,953084,SUCCESS,5
TX000048,2026-09-02,07:20:00,Ho Chi Minh,Fashion,web,2,564847,1129694,SUCCESS,2
TX000049,2026-09-11,23:37:00,Hai Phong,Grocery,mobile,1,368639,368639,SUCCESS,3
TX000050,2026-09-27,11:12:00,Ho Chi Minh,Grocery,mobile,1,421084,421084,SUCCESS,2
TX000051,2026-09-06,10:35:00,Binh Duong,Toy,web,1,1664271,1664271,SUCCESS,2
TX000052,2026-09-14,11:34:00,Ha Noi,Electronics,web,2,1674740,3349480,SUCCESS,4
TX000053,2026-09-01,13:23:00,Da Nang,Grocery,web,1,126659,126659,SUCCESS,2
TX000054,2026-09-07,18:57:00,Dong Nai,Sport,mobile,1,2341828,2341828,SUCCESS,5
TX000055,2026-09-26,21:05:00,Can Tho,Book,mobile,1,160637,160637,SUCCESS,3
TX000056,2026-09-21,12:04:00,Hai Phong,Grocery,mobile,1,181049,181049,SUCCESS,3
TX000057,2026-09-06,05:21:00,Da Nang,Book,mobile,2,81267,162534,RETURNED,6
TX000058,2026-09-14,20:08:00,Hai Phong,Sport,web,1,1962059,1962059,SUCCESS,2
TX000059,2026-09-27,04:16:00,Da Nang,Electronics,partner,1,10243289,10243289,SUCCESS,5
TX000060,2026-09-23,09:05:00,Lam Dong,Grocery,partner,1,198326,198326,SUCCESS,6
TX000061,2026-09-02,16:04:00,Ho Chi Minh,Fashion,partner,1,363105,363105,SUCCESS,2
TX000062,2026-09-17,11:09:00,Can Tho,Grocery,partner,2,136723,273446,SUCCESS,3
TX000063,2026-09-28,17:03:00,Binh Duong,Beauty,mobile,2,275473,550946,SUCCESS,3
TX000064,2026-09-14,06:47:00,Ho Chi Minh,Fashion,web,2,1110316,2220632,SUCCESS,2
TX000065,2026-09-13,13:44:00,Binh Duong,Home,mobile,4,2704467,10817868,SUCCESS,3
TX000066,2026-09-25,12:16:00,Ho Chi Minh,Fashion,partner,2,1074926,2149852,SUCCESS,3
TX000067,2026-09-22,12:36:00,Hai Phong,Home,web,2,4413523,8827046,FAILED,5
TX000068,2026-09-24,22:28:00,Khanh Hoa,Electronics,partner,3,6037053,18111159,SUCCESS,6
TX000069,2026-09-04,15:43:00,Dong Nai,Home,web,1,4738371,4738371,SUCCESS,4
TX000070,2026-09-05,02:43:00,Ho Chi Minh,Electronics,mobile,2,4572463,9144926,SUCCESS,3
TX000071,2026-09-07,15:00:00,Ha Noi,Fashion,web,1,476481,476481,FAILED,2
TX000072,2026-09-21,23:41:00,Can Tho,Grocery,partner,2,180801,361602,RETURNED,9
TX000073,2026-09-12,09:10:00,Ho Chi Minh,Fashion,partner,1,1133360,1133360,SUCCESS,1
TX000074,2026-09-19,00:19:00,Ho Chi Minh,Grocery,partner,1,466647,466647,SUCCESS,2
TX000075,2026-09-05,10:07:00,Khanh Hoa,Book,web,1,353863,353863,SUCCESS,4
TX000076,2026-09-07,00:21:00,Binh Duong,Home,web,2,4242032,8484064,SUCCESS,5
TX000077,2026-09-07,09:44:00,Binh Duong,Fashion,partner,1,887085,887085,SUCCESS,4
TX000078,2026-09-18,08:10:00,Dong Nai,Sport,partner,1,1525758,1525758,SUCCESS,5
TX000079,2026-09-14,18:04:00,Can Tho,Electronics,partner,1,2721586,2721586,SUCCESS,5
TX000080,2026-09-25,14:02:00,Ho Chi Minh,Beauty,web,1,1106235,1106235,SUCCESS,4
TX000081,2026-09-17,12:08:00,Ha Noi,Beauty,web,1,478057,478057,SUCCESS,1
TX000082,2026-09-16,04:16:00,Ha Noi,Electronics,mobile,2,8085556,16171112,SUCCESS,1
TX000083,2026-09-07,14:02:00,Bac Ninh,Grocery,web,2,376584,753168,SUCCESS,3
TX000084,2026-09-13,01:51:00,Ha Noi,Beauty,partner,1,839250,839250,SUCCESS,1
TX000085,2026-09-30,23:41:00,Ho Chi Minh,Grocery,mobile,2,281124,562248,SUCCESS,1
TX000086,2026-09-28,16:25:00,Ha Noi,Electronics,partner,1,12111412,12111412,SUCCESS,1
TX000087,2026-09-30,14:58:00,Dong Nai,Grocery,mobile,1,266744,266744,SUCCESS,5
TX000088,2026-09-12,14:24:00,Ho Chi Minh,Electronics,partner,1,17113789,17113789,SUCCESS,1
TX000089,2026-09-26,13:24:00,Da Nang,Book,web,1,398830,398830,SUCCESS,3
TX000090,2026-09-30,21:19:00,Ho Chi Minh,Home,partner,1,2097159,2097159,SUCCESS,1
TX000091,2026-09-30,22:31:00,Dong Nai,Fashion,web,1,693089,693089,SUCCESS,5
TX000092,2026-09-07,10:57:00,Binh Duong,Toy,web,1,846057,846057,SUCCESS,2
TX000093,2026-09-08,01:56:00,Ha Noi,Book,mobile,1,397046,397046,SUCCESS,1
TX000094,2026-09-20,13:34:00,Ha Noi,Book,mobile,1,165615,165615,SUCCESS,2
TX000095,2026-09-14,04:09:00,Ho Chi Minh,Electronics,mobile,2,15650384,31300768,SUCCESS,1
TX000096,2026-09-02,22:12:00,Ho Chi Minh,Grocery,web,1,331863,331863,SUCCESS,3
TX000097,2026-09-29,03:09:00,Ho Chi Minh,Beauty,partner,1,590271,590271,SUCCESS,3
TX000098,2026-09-16,10:50:00,Ha Noi,Beauty,web,2,1192758,2385516,SUCCESS,2
TX000099,2026-09-05,16:17:00,Ha Noi,Electronics,partner,1,6329458,6329458,SUCCESS,3
TX000100,2026-09-15,09:18:00,Ha Noi,Electronics,web,1,16038040,16038040,SUCCESS,1
TX000101,2026-09-17,18:45:00,Dong Nai,Electronics,mobile,2,4229847,8459694,SUCCESS,3
TX000102,2026-09-28,12:49:00,Ho Chi Minh,Electronics,partner,1,3276136,3276136,SUCCESS,4
TX000103,2026-09-24,18:58:00,Da Nang,Fashion,mobile,1,932471,932471,SUCCESS,5
TX000104,2026-09-12,11:14:00,Hai Phong,Book,web,3,355523,1066569,SUCCESS,5
TX000105,2026-09-28,01:56:00,Hai Phong,Electronics,mobile,1,13839260,13839260,SUCCESS,2
TX000106,2026-09-15,01:21:00,Ha Noi,Electronics,partner,2,17516544,35033088,SUCCESS,1
TX000107,2026-09-16,07:50:00,Dong Nai,Book,mobile,1,144815,144815,SUCCESS,3
TX000108,2026-09-28,18:55:00,Ho Chi Minh,Beauty,mobile,1,729001,729001,SUCCESS,4
TX000109,2026-09-13,19:46:00,Binh Duong,Grocery,partner,1,458286,458286,FAILED,2
TX000110,2026-09-24,11:30:00,Dong Nai,Fashion,web,1,692084,692084,SUCCESS,4
TX000111,2026-09-19,21:10:00,Ha Noi,Grocery,web,2,72784,145568,SUCCESS,2
TX000112,2026-09-02,17:50:00,Ho Chi Minh,Home,web,1,864593,864593,SUCCESS,4
TX000113,2026-09-14,02:41:00,Ha Noi,Electronics,partner,2,9200702,18401404,SUCCESS,1
TX000114,2026-09-24,10:55:00,Da Nang,Beauty,web,1,819908,819908,SUCCESS,4
TX000115,2026-09-24,22:35:00,Da Nang,Home,mobile,2,3445395,6890790,SUCCESS,2
TX000116,2026-09-11,23:22:00,Binh Duong,Book,partner,2,234706,469412,SUCCESS,5
TX000117,2026-09-09,07:05:00,Dong Nai,Electronics,mobile,2,16557178,33114356,SUCCESS,5
TX000118,2026-09-02,15:59:00,Binh Duong,Electronics,mobile,1,13178065,13178065,FAILED,5
TX000119,2026-09-16,10:19:00,Bac Ninh,Grocery,mobile,1,448010,448010,RETURNED,7
TX000120,2026-09-05,16:03:00,Ha Noi,Book,partner,1,426262,426262,SUCCESS,3
TX000121,2026-09-20,19:04:00,Ho Chi Minh,Toy,web,2,1750020,3500040,SUCCESS,1
TX000122,2026-09-28,15:37:00,Hai Phong,Grocery,mobile,1,153729,153729,SUCCESS,5
TX000123,2026-09-17,22:20:00,Ho Chi Minh,Electronics,partner,1,5820281,5820281,SUCCESS,4
TX000124,2026-09-06,08:37:00,Ho Chi Minh,Fashion,web,2,569986,1139972,SUCCESS,4
TX000125,2026-09-15,13:04:00,Can Tho,Beauty,mobile,1,1417353,1417353,RETURNED,6
TX000126,2026-09-02,04:42:00,Ho Chi Minh,Grocery,partner,1,350837,350837,SUCCESS,4
TX000127,2026-09-04,08:33:00,Ha Noi,Fashion,web,2,1063664,2127328,SUCCESS,2
TX000128,2026-09-20,16:32:00,Ho Chi Minh,Home,web,2,2906674,5813348,SUCCESS,3
TX000129,2026-09-12,09:43:00,Ha Noi,Toy,web,1,1123972,1123972,SUCCESS,2
TX000130,2026-09-30,23:30:00,Can Tho,Sport,mobile,1,2840451,2840451,SUCCESS,7
TX000131,2026-09-29,03:08:00,Can Tho,Grocery,mobile,1,283202,283202,SUCCESS,6
TX000132,2026-09-22,03:17:00,Ha Noi,Book,web,1,231073,231073,SUCCESS,4
TX000133,2026-09-13,04:09:00,Ho Chi Minh,Electronics,web,1,2898031,2898031,SUCCESS,3
TX000134,2026-09-08,06:02:00,Ho Chi Minh,Grocery,web,3,290765,872295,SUCCESS,3
TX000135,2026-09-03,07:12:00,Ho Chi Minh,Grocery,mobile,1,311380,311380,SUCCESS,4
TX000136,2026-09-03,01:25:00,Ho Chi Minh,Grocery,web,2,320048,640096,SUCCESS,1
TX000137,2026-09-05,09:36:00,Ho Chi Minh,Home,mobile,1,4470829,4470829,SUCCESS,3
TX000138,2026-09-24,15:14:00,Ho Chi Minh,Book,partner,2,217001,434002,SUCCESS,4
TX000139,2026-09-26,14:51:00,Ho Chi Minh,Home,partner,1,2780988,2780988,SUCCESS,2
TX000140,2026-09-03,08:05:00,Da Nang,Electronics,mobile,1,13957070,13957070,SUCCESS,4
TX000141,2026-09-07,21:24:00,Ho Chi Minh,Electronics,mobile,4,17024453,68097812,SUCCESS,4
TX000142,2026-09-08,21:09:00,Ho Chi Minh,Grocery,partner,1,349855,349855,RETURNED,6
TX000143,2026-09-10,10:24:00,Hai Phong,Grocery,mobile,1,323856,323856,SUCCESS,5
TX000144,2026-09-07,15:59:00,Ho Chi Minh,Fashion,web,2,846376,1692752,SUCCESS,3
TX000145,2026-09-05,23:18:00,Can Tho,Grocery,partner,1,381185,381185,SUCCESS,3
TX000146,2026-09-07,06:09:00,Ha Noi,Grocery,partner,1,372303,372303,SUCCESS,1
TX000147,2026-09-27,03:06:00,Ha Noi,Beauty,web,2,156210,312420,RETURNED,4
TX000148,2026-09-14,13:55:00,Da Nang,Electronics,mobile,2,12442147,24884294,FAILED,5
TX000149,2026-09-09,18:36:00,Binh Duong,Fashion,mobile,1,659523,659523,SUCCESS,5
TX000150,2026-09-24,10:49:00,Ho Chi Minh,Fashion,mobile,1,507514,507514,SUCCESS,3
TX000151,2026-09-14,17:48:00,Da Nang,Grocery,partner,1,393210,393210,SUCCESS,4
TX000152,2026-09-06,08:14:00,Can Tho,Sport,mobile,4,2058318,8233272,SUCCESS,7
TX000153,2026-09-25,11:06:00,Binh Duong,Home,partner,1,3234871,3234871,SUCCESS,3
TX000154,2026-09-25,10:10:00,Ha Noi,Fashion,web,1,363772,363772,SUCCESS,4
TX000155,2026-09-24,08:36:00,Ho Chi Minh,Grocery,mobile,1,409207,409207,SUCCESS,4
TX000156,2026-09-03,21:38:00,Da Nang,Electronics,mobile,1,3515898,3515898,SUCCESS,5
TX000157,2026-09-18,09:46:00,Ho Chi Minh,Sport,partner,2,707799,1415598,SUCCESS,4
TX000158,2026-09-06,19:05:00,Hai Phong,Fashion,mobile,1,167679,167679,SUCCESS,5
TX000159,2026-09-08,01:26:00,Ho Chi Minh,Sport,partner,1,1159427,1159427,SUCCESS,4
TX000160,2026-09-03,05:10:00,Ha Noi,Electronics,partner,1,15929147,15929147,FAILED,3
TX000161,2026-09-28,05:05:00,Binh Duong,Home,partner,1,4572570,4572570,SUCCESS,3
TX000162,2026-09-20,10:37:00,Da Nang,Electronics,web,1,12756643,12756643,SUCCESS,5
TX000163,2026-09-11,06:08:00,Ho Chi Minh,Beauty,partner,1,953480,953480,SUCCESS,3
TX000164,2026-09-04,14:21:00,Khanh Hoa,Home,web,2,531748,1063496,SUCCESS,7
TX000165,2026-09-22,19:37:00,Ha Noi,Sport,partner,1,1167509,1167509,SUCCESS,2
TX000166,2026-09-15,15:17:00,Binh Duong,Fashion,web,2,766808,1533616,SUCCESS,4
TX000167,2026-09-17,20:54:00,Ho Chi Minh,Electronics,mobile,1,8624726,8624726,SUCCESS,2
TX000168,2026-09-26,01:26:00,Can Tho,Beauty,mobile,2,1108853,2217706,SUCCESS,7
TX000169,2026-09-09,09:01:00,Khanh Hoa,Grocery,partner,1,469913,469913,SUCCESS,3
TX000170,2026-09-07,20:57:00,Ha Noi,Grocery,web,1,353923,353923,SUCCESS,4
TX000171,2026-09-01,18:16:00,Ho Chi Minh,Fashion,web,2,155950,311900,SUCCESS,2
TX000172,2026-09-29,04:57:00,Ho Chi Minh,Home,partner,4,4050352,16201408,SUCCESS,1
TX000173,2026-09-30,13:51:00,Binh Duong,Electronics,partner,1,13925988,13925988,SUCCESS,4
TX000174,2026-09-05,08:09:00,Khanh Hoa,Sport,partner,2,1287055,2574110,SUCCESS,5
TX000175,2026-09-26,15:30:00,Can Tho,Electronics,partner,1,11752355,11752355,SUCCESS,6
TX000176,2026-09-25,14:26:00,Ho Chi Minh,Beauty,mobile,1,805319,805319,SUCCESS,4
TX000177,2026-09-02,08:21:00,Can Tho,Home,partner,1,3349309,3349309,SUCCESS,3
TX000178,2026-09-14,10:37:00,Binh Duong,Beauty,mobile,1,1409386,1409386,SUCCESS,4
TX000179,2026-09-17,09:07:00,Binh Duong,Electronics,partner,1,4129209,4129209,SUCCESS,2
TX000180,2026-09-28,05:13:00,Binh Duong,Home,web,1,4893732,4893732,SUCCESS,3
TX000181,2026-09-13,05:43:00,Ho Chi Minh,Grocery,partner,1,257895,257895,SUCCESS,2
TX000182,2026-09-29,10:42:00,Ho Chi Minh,Book,mobile,1,209728,209728,SUCCESS,3
TX000183,2026-09-16,05:37:00,Ho Chi Minh,Home,partner,3,4218224,12654672,RETURNED,7
TX000184,2026-09-12,00:47:00,Ho Chi Minh,Fashion,partner,2,885493,1770986,SUCCESS,4
TX000185,2026-09-10,12:59:00,Ho Chi Minh,Fashion,web,1,978032,978032,SUCCESS,4
TX000186,2026-09-21,10:30:00,Bac Ninh,Grocery,partner,3,485938,1457814,SUCCESS,7
TX000187,2026-09-30,01:03:00,Khanh Hoa,Electronics,mobile,1,9529249,9529249,SUCCESS,5
TX000188,2026-09-05,19:43:00,Ha Noi,Fashion,mobile,4,1054865,4219460,SUCCESS,3
TX000189,2026-09-04,21:46:00,Ha Noi,Sport,mobile,1,2335714,2335714,SUCCESS,4
TX000190,2026-09-04,01:22:00,Ho Chi Minh,Home,partner,1,1117400,1117400,RETURNED,4
TX000191,2026-09-08,06:54:00,Ho Chi Minh,Grocery,mobile,1,448253,448253,SUCCESS,2
TX000192,2026-09-27,22:50:00,Ho Chi Minh,Electronics,mobile,1,8407361,8407361,SUCCESS,1
TX000193,2026-09-23,06:38:00,Ho Chi Minh,Book,partner,1,109890,109890,SUCCESS,3
TX000194,2026-09-27,20:37:00,Ha Noi,Electronics,mobile,1,5154780,5154780,SUCCESS,4
TX000195,2026-09-09,10:53:00,Ho Chi Minh,Grocery,web,1,286713,286713,SUCCESS,3
TX000196,2026-09-23,01:19:00,Ha Noi,Home,mobile,1,3923298,3923298,SUCCESS,2
TX000197,2026-09-02,11:42:00,Ho Chi Minh,Grocery,partner,1,326563,326563,SUCCESS,3
TX000198,2026-09-02,21:26:00,Binh Duong,Grocery,web,4,83695,334780,SUCCESS,4
TX000199,2026-09-20,23:34:00,Dong Nai,Electronics,web,1,9150590,9150590,SUCCESS,3
TX000200,2026-09-03,16:50:00,Da Nang,Grocery,web,1,399126,399126,SUCCESS,5
TX000201,2026-09-13,14:54:00,Dong Nai,Electronics,partner,1,5652366,5652366,SUCCESS,4
TX000202,2026-09-19,20:26:00,Ho Chi Minh,Electronics,partner,1,4323742,4323742,SUCCESS,1
TX000203,2026-09-21,20:44:00,Can Tho,Beauty,web,2,524284,1048568,SUCCESS,7
TX000204,2026-09-26,18:22:00,Dong Nai,Home,web,1,336577,336577,SUCCESS,5
TX000205,2026-09-07,00:05:00,Khanh Hoa,Fashion,partner,2,315748,631496,SUCCESS,6
TX000206,2026-09-14,21:41:00,Hai Phong,Beauty,web,1,82278,82278,SUCCESS,5
TX000207,2026-09-01,08:48:00,Hai Phong,Home,mobile,2,3413423,6826846,SUCCESS,4
TX000208,2026-09-07,05:46:00,Ho Chi Minh,Home,partner,1,271091,271091,SUCCESS,2
TX000209,2026-09-07,21:20:00,Khanh Hoa,Book,web,1,102672,102672,RETURNED,7
TX000210,2026-09-13,14:31:00,Can Tho,Fashion,partner,1,176254,176254,SUCCESS,5
TX000211,2026-09-03,11:36:00,Binh Duong,Home,mobile,1,4390802,4390802,FAILED,2
TX000212,2026-09-15,09:40:00,Ha Noi,Home,web,1,4151157,4151157,SUCCESS,2
TX000213,2026-09-03,18:02:00,Lam Dong,Fashion,web,1,1170775,1170775,SUCCESS,5
TX000214,2026-09-15,02:30:00,Ha Noi,Sport,web,1,1450945,1450945,RETURNED,3
TX000215,2026-09-04,22:10:00,Khanh Hoa,Electronics,mobile,1,3046454,3046454,SUCCESS,4
TX000216,2026-09-16,18:41:00,Ho Chi Minh,Home,mobile,2,1190331,2380662,SUCCESS,1
TX000217,2026-09-27,05:51:00,Can Tho,Grocery,web,2,291939,583878,FAILED,3
TX000218,2026-09-24,03:46:00,Ha Noi,Home,web,2,3412664,6825328,FAILED,4
TX000219,2026-09-15,15:29:00,Ha Noi,Sport,partner,1,650803,650803,SUCCESS,2
TX000220,2026-09-03,02:09:00,Lam Dong,Electronics,mobile,1,16805970,16805970,SUCCESS,7
TX000221,2026-09-29,08:10:00,Ha Noi,Fashion,mobile,1,529830,529830,SUCCESS,1
TX000222,2026-09-01,01:35:00,Binh Duong,Fashion,web,3,337996,1013988,SUCCESS,4
TX000223,2026-09-02,23:57:00,Khanh Hoa,Sport,partner,1,2269917,2269917,SUCCESS,7
TX000224,2026-09-03,20:01:00,Ho Chi Minh,Toy,web,1,1019502,1019502,SUCCESS,2
TX000225,2026-09-27,14:39:00,Ha Noi,Electronics,web,1,16284956,16284956,SUCCESS,3
TX000226,2026-09-05,02:45:00,Ha Noi,Beauty,mobile,1,391057,391057,SUCCESS,3
TX000227,2026-09-08,21:54:00,Ha Noi,Fashion,web,1,643978,643978,SUCCESS,2
TX000228,2026-09-10,00:24:00,Dong Nai,Fashion,mobile,1,662786,662786,SUCCESS,2
TX000229,2026-09-06,13:49:00,Ha Noi,Grocery,web,1,460799,460799,SUCCESS,2
TX000230,2026-09-13,12:21:00,Ho Chi Minh,Sport,mobile,1,2459755,2459755,SUCCESS,2
TX000231,2026-09-10,01:51:00,Can Tho,Home,mobile,1,4223884,4223884,FAILED,7
TX000232,2026-09-18,16:12:00,Ho Chi Minh,Electronics,web,2,8549098,17098196,RETURNED,3
TX000233,2026-09-30,21:28:00,Ha Noi,Grocery,partner,1,331828,331828,SUCCESS,3
TX000234,2026-09-02,06:48:00,Hai Phong,Fashion,web,1,514754,514754,SUCCESS,3
TX000235,2026-09-24,23:01:00,Ho Chi Minh,Fashion,web,1,393656,393656,SUCCESS,2
TX000236,2026-09-24,22:51:00,Dong Nai,Toy,partner,3,356159,1068477,SUCCESS,5
TX000237,2026-09-23,04:09:00,Can Tho,Electronics,partner,1,13173078,13173078,SUCCESS,3
TX000238,2026-09-27,01:41:00,Ho Chi Minh,Toy,partner,1,1256044,1256044,SUCCESS,3
TX000239,2026-09-04,12:59:00,Ha Noi,Toy,mobile,1,93898,93898,SUCCESS,1
TX000240,2026-09-12,16:20:00,Binh Duong,Beauty,web,2,960076,1920152,SUCCESS,5
TX000241,2026-09-22,19:43:00,Binh Duong,Grocery,web,1,266604,266604,SUCCESS,4
TX000242,2026-09-18,02:06:00,Ha Noi,Electronics,web,1,4324074,4324074,FAILED,2
TX000243,2026-09-05,14:36:00,Ho Chi Minh,Toy,web,1,174093,174093,SUCCESS,4
TX000244,2026-09-03,11:32:00,Ho Chi Minh,Grocery,mobile,1,134687,134687,SUCCESS,1
TX000245,2026-09-19,02:08:00,Ho Chi Minh,Sport,mobile,1,1706172,1706172,SUCCESS,1
TX000246,2026-09-21,00:18:00,Ho Chi Minh,Fashion,partner,1,249267,249267,SUCCESS,2
TX000247,2026-09-03,18:36:00,Dong Nai,Home,web,2,2706953,5413906,SUCCESS,3
TX000248,2026-09-21,10:28:00,Ha Noi,Toy,mobile,4,493455,1973820,SUCCESS,3
TX000249,2026-09-04,01:11:00,Ha Noi,Grocery,web,1,302466,302466,SUCCESS,1
TX000250,2026-09-26,14:36:00,Binh Duong,Home,web,1,4273380,4273380,SUCCESS,5
TX000251,2026-09-29,03:17:00,Da Nang,Beauty,mobile,2,578239,1156478,SUCCESS,4
TX000252,2026-09-13,18:12:00,Dong Nai,Home,mobile,1,2891638,2891638,SUCCESS,3
TX000253,2026-09-10,14:53:00,Khanh Hoa,Fashion,partner,1,904146,904146,SUCCESS,7
TX000254,2026-09-02,07:37:00,Ha Noi,Home,partner,1,624121,624121,SUCCESS,4
TX000255,2026-09-19,01:34:00,Can Tho,Electronics,web,1,2225530,2225530,SUCCESS,5
TX000256,2026-09-12,18:31:00,Binh Duong,Beauty,partner,1,421641,421641,SUCCESS,5
TX000257,2026-09-01,21:54:00,Dong Nai,Toy,mobile,1,599301,599301,RETURNED,8
TX000258,2026-09-16,20:53:00,Ho Chi Minh,Electronics,mobile,2,11338306,22676612,SUCCESS,3
TX000259,2026-09-05,22:04:00,Ho Chi Minh,Fashion,partner,1,801861,801861,SUCCESS,1
TX000260,2026-09-19,09:22:00,Can Tho,Beauty,web,1,957795,957795,SUCCESS,7
TX000261,2026-09-16,14:49:00,Hai Phong,Fashion,partner,1,871822,871822,SUCCESS,4
TX000262,2026-09-26,10:36:00,Binh Duong,Electronics,mobile,2,12461956,24923912,SUCCESS,4
TX000263,2026-09-06,08:38:00,Ho Chi Minh,Home,web,1,1205088,1205088,SUCCESS,2
TX000264,2026-09-10,02:46:00,Ho Chi Minh,Toy,web,1,767574,767574,SUCCESS,1
TX000265,2026-09-21,13:45:00,Ho Chi Minh,Beauty,web,1,351383,351383,RETURNED,5
TX000266,2026-09-25,07:01:00,Ha Noi,Fashion,mobile,1,795729,795729,SUCCESS,3
TX000267,2026-09-06,20:49:00,Ha Noi,Grocery,partner,1,64229,64229,SUCCESS,4
TX000268,2026-09-07,02:08:00,Ho Chi Minh,Sport,partner,4,1090871,4363484,SUCCESS,1
TX000269,2026-09-23,23:11:00,Ha Noi,Fashion,partner,1,906835,906835,SUCCESS,1
TX000270,2026-09-01,21:33:00,Ha Noi,Electronics,mobile,1,16108713,16108713,SUCCESS,3
TX000271,2026-09-05,14:17:00,Can Tho,Fashion,web,2,998341,1996682,SUCCESS,7
TX000272,2026-09-12,23:15:00,Dong Nai,Toy,web,1,1979156,1979156,RETURNED,6
TX000273,2026-09-01,13:55:00,Hai Phong,Sport,mobile,1,1223289,1223289,RETURNED,7
TX000274,2026-09-03,06:42:00,Ha Noi,Electronics,web,2,2523538,5047076,FAILED,1
TX000275,2026-09-30,10:54:00,Ha Noi,Fashion,mobile,1,682685,682685,SUCCESS,4
TX000276,2026-09-18,13:18:00,Hai Phong,Grocery,web,2,89274,178548,SUCCESS,5
TX000277,2026-09-28,19:43:00,Ho Chi Minh,Fashion,partner,1,394004,394004,SUCCESS,1
TX000278,2026-09-24,21:14:00,Binh Duong,Grocery,web,1,302157,302157,SUCCESS,5
TX000279,2026-09-26,09:51:00,Khanh Hoa,Book,web,1,296042,296042,SUCCESS,5
TX000280,2026-09-24,01:42:00,Ha Noi,Book,partner,1,290697,290697,SUCCESS,4
TX000281,2026-09-30,17:39:00,Ha Noi,Fashion,mobile,1,120355,120355,SUCCESS,3
TX000282,2026-09-03,11:16:00,Dong Nai,Home,mobile,2,3996117,7992234,SUCCESS,4
TX000283,2026-09-29,20:07:00,Lam Dong,Fashion,mobile,1,342973,342973,SUCCESS,3
TX000284,2026-09-10,19:28:00,Ho Chi Minh,Home,web,1,1233637,1233637,RETURNED,6
TX000285,2026-09-25,03:17:00,Binh Duong,Grocery,partner,1,296512,296512,SUCCESS,4
TX000286,2026-09-18,12:09:00,Ho Chi Minh,Book,partner,1,229756,229756,SUCCESS,3
TX000287,2026-09-25,22:21:00,Dong Nai,Beauty,partner,4,689389,2757556,SUCCESS,3
TX000288,2026-09-25,16:32:00,Hai Phong,Fashion,mobile,1,858696,858696,SUCCESS,4
TX000289,2026-09-01,13:56:00,Ho Chi Minh,Electronics,partner,1,6076355,6076355,SUCCESS,1
TX000290,2026-09-14,10:22:00,Ha Noi,Grocery,partner,1,83729,83729,SUCCESS,3
TX000291,2026-09-03,03:18:00,Khanh Hoa,Fashion,partner,2,232831,465662,FAILED,4
TX000292,2026-09-30,11:23:00,Ho Chi Minh,Grocery,mobile,1,184233,184233,SUCCESS,1
TX000293,2026-09-13,16:51:00,Da Nang,Electronics,mobile,1,9756922,9756922,SUCCESS,4
TX000294,2026-09-27,01:30:00,Da Nang,Electronics,web,1,11865578,11865578,SUCCESS,4
TX000295,2026-09-10,17:02:00,Can Tho,Fashion,partner,2,578112,1156224,SUCCESS,3
TX000296,2026-09-16,17:55:00,Ho Chi Minh,Sport,partner,1,1768480,1768480,SUCCESS,3
TX000297,2026-09-24,03:40:00,Ho Chi Minh,Electronics,partner,1,7659643,7659643,SUCCESS,2
TX000298,2026-09-20,07:20:00,Dong Nai,Electronics,web,1,15804155,15804155,SUCCESS,2
TX000299,2026-09-12,11:09:00,Da Nang,Grocery,partner,1,243716,243716,SUCCESS,2
TX000300,2026-09-29,03:24:00,Ha Noi,Beauty,mobile,1,302582,302582,SUCCESS,4
TX000301,2026-09-18,23:34:00,Dong Nai,Electronics,web,1,6445345,6445345,SUCCESS,4
TX000302,2026-09-26,04:35:00,Dong Nai,Electronics,web,1,2601674,2601674,SUCCESS,4
TX000303,2026-09-19,18:43:00,Khanh Hoa,Home,partner,1,2320151,2320151,SUCCESS,3
TX000304,2026-09-21,23:49:00,Can Tho,Electronics,mobile,1,3460319,3460319,SUCCESS,3
TX000305,2026-09-29,04:40:00,Ha Noi,Electronics,mobile,1,17502797,17502797,SUCCESS,3
TX000306,2026-09-08,16:11:00,Ha Noi,Fashion,partner,1,1034618,1034618,SUCCESS,4
TX000307,2026-09-05,22:52:00,Ha Noi,Book,partner,1,332390,332390,FAILED,1
TX000308,2026-09-27,08:18:00,Ho Chi Minh,Grocery,web,1,314934,314934,SUCCESS,3
TX000309,2026-09-22,03:34:00,Ho Chi Minh,Electronics,partner,1,13409302,13409302,SUCCESS,2
TX000310,2026-09-23,00:06:00,Lam Dong,Electronics,mobile,1,17562555,17562555,FAILED,5
TX000311,2026-09-22,09:00:00,Khanh Hoa,Sport,mobile,1,1254427,1254427,SUCCESS,6
TX000312,2026-09-27,17:54:00,Can Tho,Home,partner,2,3160323,6320646,FAILED,3
TX000313,2026-09-07,07:47:00,Ho Chi Minh,Fashion,mobile,2,563583,1127166,SUCCESS,4
TX000314,2026-09-06,03:47:00,Ho Chi Minh,Grocery,partner,1,369350,369350,SUCCESS,1
TX000315,2026-09-07,16:24:00,Ha Noi,Fashion,partner,1,970303,970303,SUCCESS,4
TX000316,2026-09-22,10:54:00,Dong Nai,Electronics,partner,1,14983048,14983048,SUCCESS,5
TX000317,2026-09-27,21:05:00,Ha Noi,Fashion,partner,1,347688,347688,SUCCESS,4
TX000318,2026-09-28,07:09:00,Ha Noi,Home,partner,2,4723858,9447716,SUCCESS,4
TX000319,2026-09-20,03:29:00,Ho Chi Minh,Electronics,mobile,2,15593383,31186766,SUCCESS,1
TX000320,2026-09-07,02:14:00,Ho Chi Minh,Beauty,partner,1,936994,936994,SUCCESS,1
TX000321,2026-09-01,07:51:00,Ho Chi Minh,Electronics,partner,1,11799902,11799902,FAILED,4
TX000322,2026-09-17,15:22:00,Can Tho,Toy,partner,1,846392,846392,SUCCESS,5
TX000323,2026-09-16,16:07:00,Binh Duong,Fashion,web,1,369740,369740,SUCCESS,2
TX000324,2026-09-18,17:00:00,Lam Dong,Electronics,partner,1,4256425,4256425,SUCCESS,3
TX000325,2026-09-18,11:47:00,Lam Dong,Fashion,mobile,1,240508,240508,SUCCESS,7
TX000326,2026-09-09,20:42:00,Ha Noi,Grocery,mobile,3,383382,1150146,SUCCESS,3
TX000327,2026-09-17,01:42:00,Can Tho,Fashion,mobile,1,152225,152225,SUCCESS,7
TX000328,2026-09-16,19:32:00,Lam Dong,Fashion,mobile,1,1073698,1073698,SUCCESS,7
TX000329,2026-09-16,11:20:00,Lam Dong,Home,partner,1,4924200,4924200,SUCCESS,6
TX000330,2026-09-21,23:13:00,Khanh Hoa,Home,partner,1,2048700,2048700,SUCCESS,5
TX000331,2026-09-25,09:04:00,Ha Noi,Home,web,2,3068844,6137688,SUCCESS,3
TX000332,2026-09-27,02:38:00,Ho Chi Minh,Sport,web,1,1263190,1263190,FAILED,3
TX000333,2026-09-05,20:31:00,Ha Noi,Electronics,mobile,1,17731089,17731089,FAILED,3
TX000334,2026-09-09,07:44:00,Bac Ninh,Sport,web,2,377113,754226,SUCCESS,7
TX000335,2026-09-23,20:50:00,Ho Chi Minh,Home,partner,1,4059351,4059351,SUCCESS,4
TX000336,2026-09-05,14:02:00,Ho Chi Minh,Book,web,1,187808,187808,SUCCESS,4
TX000337,2026-09-20,01:45:00,Hai Phong,Fashion,web,1,706425,706425,SUCCESS,4
TX000338,2026-09-26,06:34:00,Ho Chi Minh,Fashion,mobile,4,433625,1734500,FAILED,3
TX000339,2026-09-14,15:43:00,Ho Chi Minh,Home,mobile,1,703621,703621,FAILED,1
TX000340,2026-09-16,05:32:00,Ho Chi Minh,Fashion,mobile,1,841714,841714,SUCCESS,2
TX000341,2026-09-17,03:52:00,Ho Chi Minh,Grocery,mobile,2,229790,459580,SUCCESS,3
TX000342,2026-09-29,17:31:00,Can Tho,Fashion,mobile,1,285909,285909,SUCCESS,6
TX000343,2026-09-21,05:56:00,Binh Duong,Sport,web,1,1134097,1134097,SUCCESS,2
TX000344,2026-09-08,14:18:00,Ho Chi Minh,Electronics,mobile,1,17077480,17077480,SUCCESS,4
TX000345,2026-09-11,10:31:00,Ha Noi,Fashion,mobile,2,395308,790616,SUCCESS,4
TX000346,2026-09-25,14:27:00,Lam Dong,Grocery,mobile,1,339765,339765,SUCCESS,5
TX000347,2026-09-25,13:27:00,Ha Noi,Electronics,mobile,1,11530342,11530342,SUCCESS,2
TX000348,2026-09-14,01:13:00,Ho Chi Minh,Electronics,mobile,2,17706487,35412974,SUCCESS,2
TX000349,2026-09-26,12:16:00,Ho Chi Minh,Fashion,mobile,1,913474,913474,SUCCESS,3
TX000350,2026-09-30,12:17:00,Binh Duong,Home,partner,1,1346085,1346085,SUCCESS,4
TX000351,2026-09-29,08:12:00,Ho Chi Minh,Fashion,web,1,224085,224085,SUCCESS,1
TX000352,2026-09-05,02:31:00,Ha Noi,Grocery,web,1,193355,193355,SUCCESS,2
TX000353,2026-09-13,03:05:00,Binh Duong,Electronics,web,1,16975508,16975508,SUCCESS,5
TX000354,2026-09-02,12:36:00,Ha Noi,Beauty,mobile,1,734540,734540,SUCCESS,1
TX000355,2026-09-22,21:37:00,Can Tho,Electronics,mobile,1,2947766,2947766,SUCCESS,3
TX000356,2026-09-12,01:31:00,Ha Noi,Electronics,web,1,17147437,17147437,SUCCESS,1
TX000357,2026-09-17,04:19:00,Can Tho,Beauty,web,1,744250,744250,FAILED,4
TX000358,2026-09-18,04:37:00,Ho Chi Minh,Electronics,mobile,1,2525015,2525015,SUCCESS,3
TX000359,2026-09-22,07:36:00,Ho Chi Minh,Home,partner,1,2680282,2680282,SUCCESS,4
TX000360,2026-09-09,10:39:00,Khanh Hoa,Book,web,1,428013,428013,SUCCESS,7
TX000361,2026-09-28,21:36:00,Ho Chi Minh,Fashion,web,2,351660,703320,SUCCESS,1
TX000362,2026-09-05,20:55:00,Ho Chi Minh,Electronics,web,1,14239212,14239212,SUCCESS,1
TX000363,2026-09-30,20:15:00,Ho Chi Minh,Sport,partner,2,2490505,4981010,SUCCESS,3
TX000364,2026-09-03,15:40:00,Dong Nai,Fashion,web,1,267614,267614,SUCCESS,5
TX000365,2026-09-09,18:56:00,Ho Chi Minh,Fashion,web,1,990705,990705,SUCCESS,1
TX000366,2026-09-09,05:02:00,Da Nang,Grocery,partner,2,214719,429438,SUCCESS,4
TX000367,2026-09-11,22:55:00,Da Nang,Electronics,web,1,9725816,9725816,SUCCESS,4
TX000368,2026-09-14,16:02:00,Bac Ninh,Electronics,web,1,11766447,11766447,SUCCESS,3
TX000369,2026-09-21,22:50:00,Ho Chi Minh,Electronics,partner,1,13517257,13517257,SUCCESS,1
TX000370,2026-09-15,18:39:00,Binh Duong,Electronics,mobile,1,4399886,4399886,SUCCESS,4
TX000371,2026-09-19,22:57:00,Lam Dong,Electronics,mobile,1,8807382,8807382,SUCCESS,4
TX000372,2026-09-23,20:45:00,Hai Phong,Electronics,web,1,14382955,14382955,SUCCESS,3
TX000373,2026-09-16,07:11:00,Ha Noi,Grocery,partner,1,167655,167655,SUCCESS,4
TX000374,2026-09-10,00:23:00,Ho Chi Minh,Book,mobile,2,87562,175124,SUCCESS,4
TX000375,2026-09-17,14:58:00,Ho Chi Minh,Fashion,partner,1,759251,759251,RETURNED,4
TX000376,2026-09-18,00:18:00,Ha Noi,Beauty,mobile,1,589709,589709,SUCCESS,3
TX000377,2026-09-22,10:39:00,Ha Noi,Electronics,mobile,1,8309355,8309355,SUCCESS,1
TX000378,2026-09-27,12:47:00,Khanh Hoa,Grocery,partner,1,61514,61514,SUCCESS,6
TX000379,2026-09-13,08:20:00,Can Tho,Sport,mobile,1,1119591,1119591,SUCCESS,5
TX000380,2026-09-28,04:11:00,Da Nang,Electronics,web,1,17999053,17999053,SUCCESS,3
TX000381,2026-09-16,18:46:00,Hai Phong,Fashion,web,4,615357,2461428,RETURNED,6
TX000382,2026-09-16,13:19:00,Khanh Hoa,Book,partner,1,405464,405464,SUCCESS,5
TX000383,2026-09-15,23:40:00,Ho Chi Minh,Electronics,mobile,4,5849856,23399424,RETURNED,4
TX000384,2026-09-04,02:04:00,Da Nang,Sport,web,1,1886610,1886610,SUCCESS,4
TX000385,2026-09-09,13:16:00,Ha Noi,Electronics,partner,1,10154423,10154423,SUCCESS,4
TX000386,2026-09-30,13:30:00,Ho Chi Minh,Home,mobile,2,2098116,4196232,SUCCESS,3
TX000387,2026-09-11,03:05:00,Binh Duong,Toy,web,1,1887758,1887758,SUCCESS,5
TX000388,2026-09-28,16:01:00,Binh Duong,Fashion,mobile,2,946593,1893186,SUCCESS,2
TX000389,2026-09-21,19:03:00,Dong Nai,Electronics,mobile,1,9445050,9445050,SUCCESS,4
TX000390,2026-09-19,02:45:00,Khanh Hoa,Beauty,web,1,697442,697442,FAILED,6
TX000391,2026-09-23,18:51:00,Ha Noi,Beauty,mobile,1,1025576,1025576,SUCCESS,2
TX000392,2026-09-05,02:30:00,Ho Chi Minh,Beauty,mobile,1,1022456,1022456,SUCCESS,2
TX000393,2026-09-26,01:07:00,Ho Chi Minh,Beauty,mobile,1,455110,455110,SUCCESS,4
TX000394,2026-09-29,12:15:00,Ha Noi,Sport,web,1,2237201,2237201,SUCCESS,4
TX000395,2026-09-10,20:53:00,Da Nang,Grocery,web,1,71631,71631,SUCCESS,3
TX000396,2026-09-09,09:53:00,Ha Noi,Book,web,1,67003,67003,SUCCESS,2
TX000397,2026-09-13,22:37:00,Can Tho,Beauty,web,1,835370,835370,SUCCESS,6
TX000398,2026-09-20,10:45:00,Dong Nai,Electronics,web,1,16997991,16997991,SUCCESS,2
TX000399,2026-09-27,00:05:00,Hai Phong,Book,web,2,411053,822106,SUCCESS,4
TX000400,2026-09-28,22:58:00,Da Nang,Grocery,partner,1,453614,453614,SUCCESS,2
TX000401,2026-09-10,10:27:00,Binh Duong,Toy,mobile,1,1413473,1413473,SUCCESS,2
TX000402,2026-09-14,15:59:00,Ho Chi Minh,Fashion,mobile,3,358732,1076196,FAILED,2
TX000403,2026-09-16,09:07:00,Khanh Hoa,Grocery,mobile,2,368507,737014,SUCCESS,5
TX000404,2026-09-19,20:08:00,Khanh Hoa,Electronics,web,1,11244309,11244309,FAILED,5
TX000405,2026-09-07,19:04:00,Ho Chi Minh,Electronics,partner,2,13790991,27581982,SUCCESS,3
TX000406,2026-09-02,10:32:00,Ho Chi Minh,Electronics,web,1,9173950,9173950,SUCCESS,2
TX000407,2026-09-21,04:43:00,Ho Chi Minh,Home,partner,1,4592509,4592509,SUCCESS,1
TX000408,2026-09-07,00:57:00,Ha Noi,Electronics,web,2,14205302,28410604,SUCCESS,3
TX000409,2026-09-27,06:50:00,Binh Duong,Book,web,2,150949,301898,SUCCESS,4
TX000410,2026-09-08,04:01:00,Ho Chi Minh,Electronics,web,2,4635144,9270288,SUCCESS,2
TX000411,2026-09-04,05:48:00,Ho Chi Minh,Sport,partner,1,594289,594289,SUCCESS,2
TX000412,2026-09-28,03:07:00,Khanh Hoa,Book,partner,2,224237,448474,SUCCESS,3
TX000413,2026-09-22,07:28:00,Ha Noi,Fashion,mobile,1,1106806,1106806,FAILED,3
TX000414,2026-09-21,15:06:00,Ho Chi Minh,Electronics,partner,1,4987861,4987861,SUCCESS,4
TX000415,2026-09-05,20:51:00,Ho Chi Minh,Book,mobile,1,359610,359610,RETURNED,5
TX000416,2026-09-10,11:27:00,Dong Nai,Grocery,partner,1,315488,315488,RETURNED,6
TX000417,2026-09-28,03:04:00,Ho Chi Minh,Grocery,web,2,191499,382998,SUCCESS,1
TX000418,2026-09-10,21:41:00,Dong Nai,Sport,partner,1,1372653,1372653,SUCCESS,3
TX000419,2026-09-15,09:48:00,Ho Chi Minh,Home,web,1,268109,268109,SUCCESS,3
TX000420,2026-09-17,19:17:00,Khanh Hoa,Toy,mobile,1,1542666,1542666,SUCCESS,6
TX000421,2026-09-18,08:46:00,Ho Chi Minh,Electronics,web,1,7018677,7018677,SUCCESS,2
TX000422,2026-09-01,12:40:00,Ha Noi,Electronics,partner,2,17530986,35061972,SUCCESS,4
TX000423,2026-09-09,04:23:00,Ho Chi Minh,Grocery,partner,1,216283,216283,FAILED,2
TX000424,2026-09-23,20:01:00,Ho Chi Minh,Sport,partner,1,624645,624645,SUCCESS,2
TX000425,2026-09-24,22:58:00,Bac Ninh,Toy,partner,1,1060802,1060802,SUCCESS,3
TX000426,2026-09-29,20:09:00,Da Nang,Grocery,mobile,1,310511,310511,SUCCESS,5
TX000427,2026-09-14,09:48:00,Ho Chi Minh,Electronics,mobile,1,11402924,11402924,SUCCESS,1
TX000428,2026-09-23,01:29:00,Ha Noi,Grocery,partner,2,99488,198976,SUCCESS,2
TX000429,2026-09-21,07:51:00,Ho Chi Minh,Electronics,mobile,1,9125418,9125418,FAILED,4
TX000430,2026-09-18,10:31:00,Ha Noi,Grocery,mobile,2,332911,665822,SUCCESS,2
TX000431,2026-09-19,03:32:00,Ho Chi Minh,Grocery,mobile,1,388356,388356,SUCCESS,3
TX000432,2026-09-18,09:15:00,Hai Phong,Toy,mobile,1,1995273,1995273,SUCCESS,4
TX000433,2026-09-05,11:20:00,Ho Chi Minh,Grocery,partner,1,414991,414991,RETURNED,4
TX000434,2026-09-01,09:15:00,Dong Nai,Electronics,web,1,4478226,4478226,SUCCESS,2
TX000435,2026-09-28,00:57:00,Can Tho,Home,web,2,3353767,6707534,SUCCESS,4
TX000436,2026-09-09,09:15:00,Ho Chi Minh,Grocery,mobile,2,174904,349808,SUCCESS,1
TX000437,2026-09-18,16:26:00,Ho Chi Minh,Electronics,partner,1,10080678,10080678,SUCCESS,2
TX000438,2026-09-20,15:02:00,Ha Noi,Book,web,1,68277,68277,SUCCESS,4
TX000439,2026-09-30,17:06:00,Can Tho,Sport,mobile,1,2560215,2560215,RETURNED,10
TX000440,2026-09-19,09:10:00,Dong Nai,Home,mobile,2,1216729,2433458,SUCCESS,4
TX000441,2026-09-03,12:17:00,Can Tho,Toy,partner,1,1428519,1428519,SUCCESS,6
TX000442,2026-09-09,16:37:00,Ho Chi Minh,Fashion,mobile,1,873425,873425,SUCCESS,2
TX000443,2026-09-18,16:38:00,Ha Noi,Grocery,web,1,309938,309938,SUCCESS,4
TX000444,2026-09-10,15:12:00,Binh Duong,Book,partner,1,353744,353744,SUCCESS,5
TX000445,2026-09-03,02:01:00,Ha Noi,Book,web,1,76192,76192,SUCCESS,1
TX000446,2026-09-23,15:00:00,Da Nang,Book,web,1,226864,226864,SUCCESS,3
TX000447,2026-09-27,23:48:00,Ha Noi,Electronics,web,1,10390336,10390336,RETURNED,3
TX000448,2026-09-29,18:31:00,Can Tho,Beauty,partner,1,95149,95149,FAILED,6
TX000449,2026-09-22,15:55:00,Hai Phong,Electronics,partner,1,10291564,10291564,SUCCESS,2
TX000450,2026-09-14,16:59:00,Ho Chi Minh,Electronics,mobile,1,9106733,9106733,SUCCESS,2
TX000451,2026-09-03,09:57:00,Ha Noi,Home,mobile,1,561679,561679,SUCCESS,3
TX000452,2026-09-29,01:43:00,Binh Duong,Beauty,web,1,1206926,1206926,SUCCESS,2
TX000453,2026-09-21,05:51:00,Da Nang,Fashion,web,1,803010,803010,FAILED,5
TX000454,2026-09-04,08:18:00,Ho Chi Minh,Grocery,mobile,1,143332,143332,SUCCESS,3
TX000455,2026-09-10,04:52:00,Ho Chi Minh,Electronics,partner,2,3201579,6403158,SUCCESS,3
TX000456,2026-09-08,03:15:00,Binh Duong,Book,partner,1,265847,265847,SUCCESS,2
TX000457,2026-09-20,11:36:00,Binh Duong,Fashion,partner,1,1030685,1030685,RETURNED,6
TX000458,2026-09-23,22:44:00,Ha Noi,Grocery,web,1,267209,267209,SUCCESS,2
TX000459,2026-09-17,07:28:00,Ho Chi Minh,Book,mobile,1,400767,400767,SUCCESS,4
TX000460,2026-09-07,07:24:00,Dong Nai,Fashion,mobile,1,1093698,1093698,SUCCESS,4
TX000461,2026-09-13,06:40:00,Hai Phong,Book,mobile,2,226000,452000,SUCCESS,4
TX000462,2026-09-29,04:15:00,Ha Noi,Fashion,mobile,1,549313,549313,RETURNED,4
TX000463,2026-09-17,01:15:00,Khanh Hoa,Grocery,partner,1,58552,58552,FAILED,6
TX000464,2026-09-25,04:58:00,Hai Phong,Grocery,web,2,355557,711114,SUCCESS,5
TX000465,2026-09-14,02:58:00,Lam Dong,Electronics,mobile,1,6728636,6728636,RETURNED,6
TX000466,2026-09-25,15:23:00,Lam Dong,Grocery,partner,1,416772,416772,SUCCESS,7
TX000467,2026-09-16,06:52:00,Ho Chi Minh,Fashion,web,1,1139527,1139527,SUCCESS,3
TX000468,2026-09-12,19:59:00,Ha Noi,Fashion,web,2,219235,438470,SUCCESS,3
TX000469,2026-09-08,23:32:00,Dong Nai,Beauty,partner,1,166300,166300,SUCCESS,3
TX000470,2026-09-02,13:53:00,Can Tho,Toy,web,2,324783,649566,SUCCESS,6
TX000471,2026-09-21,20:18:00,Khanh Hoa,Electronics,partner,2,12315933,24631866,SUCCESS,3
TX000472,2026-09-22,19:10:00,Khanh Hoa,Electronics,partner,1,5121711,5121711,SUCCESS,4
TX000473,2026-09-24,23:00:00,Ha Noi,Sport,mobile,3,2989809,8969427,RETURNED,6
TX000474,2026-09-15,11:04:00,Da Nang,Grocery,mobile,1,238434,238434,SUCCESS,4
TX000475,2026-09-26,12:47:00,Ha Noi,Beauty,web,2,685309,1370618,SUCCESS,1
TX000476,2026-09-10,10:57:00,Ho Chi Minh,Toy,partner,1,928701,928701,SUCCESS,2
TX000477,2026-09-22,00:45:00,Hai Phong,Beauty,mobile,2,687048,1374096,SUCCESS,4
TX000478,2026-09-26,10:53:00,Binh Duong,Fashion,mobile,1,443011,443011,SUCCESS,3
TX000479,2026-09-30,08:16:00,Ha Noi,Electronics,partner,2,10501860,21003720,SUCCESS,4
TX000480,2026-09-06,10:37:00,Ho Chi Minh,Beauty,web,2,202705,405410,SUCCESS,2
TX000481,2026-09-13,09:49:00,Ho Chi Minh,Book,partner,2,202915,405830,SUCCESS,1
TX000482,2026-09-08,14:33:00,Da Nang,Home,partner,1,1003908,1003908,SUCCESS,3
TX000483,2026-09-13,19:22:00,Ho Chi Minh,Grocery,mobile,1,83696,83696,FAILED,1
TX000484,2026-09-21,22:58:00,Khanh Hoa,Electronics,web,1,5603420,5603420,RETURNED,10
TX000485,2026-09-14,20:47:00,Ha Noi,Home,web,1,2100644,2100644,RETURNED,5
TX000486,2026-09-01,20:32:00,Binh Duong,Beauty,web,1,1463677,1463677,FAILED,2
TX000487,2026-09-14,17:28:00,Can Tho,Beauty,partner,1,467515,467515,SUCCESS,5
TX000488,2026-09-16,19:55:00,Ho Chi Minh,Home,partner,1,317308,317308,RETURNED,3
TX000489,2026-09-05,11:47:00,Khanh Hoa,Sport,mobile,1,2974971,2974971,SUCCESS,6
TX000490,2026-09-10,18:02:00,Ho Chi Minh,Fashion,web,1,379240,379240,SUCCESS,1
TX000491,2026-09-15,22:23:00,Ho Chi Minh,Fashion,mobile,4,774325,3097300,SUCCESS,1
TX000492,2026-09-17,17:20:00,Ha Noi,Toy,partner,1,370663,370663,SUCCESS,1
TX000493,2026-09-08,16:17:00,Ha Noi,Toy,partner,1,1590855,1590855,SUCCESS,3
TX000494,2026-09-19,05:09:00,Ho Chi Minh,Book,web,1,196219,196219,SUCCESS,2
TX000495,2026-09-05,12:47:00,Binh Duong,Home,partner,1,2942704,2942704,SUCCESS,2
TX000496,2026-09-24,15:55:00,Binh Duong,Home,web,1,4434525,4434525,FAILED,2
TX000497,2026-09-20,14:07:00,Khanh Hoa,Electronics,partner,1,16303370,16303370,SUCCESS,5
TX000498,2026-09-08,11:17:00,Ho Chi Minh,Electronics,partner,1,14255374,14255374,SUCCESS,4
TX000499,2026-09-08,02:43:00,Ho Chi Minh,Fashion,mobile,1,912299,912299,SUCCESS,3
TX000500,2026-09-27,13:50:00,Ha Noi,Sport,partner,1,1877757,1877757,SUCCESS,2
TX000501,2026-09-15,04:53:00,Da Nang,Sport,partner,1,2408283,2408283,SUCCESS,5
TX000502,2026-09-24,10:15:00,Khanh Hoa,Fashion,mobile,1,166633,166633,SUCCESS,4
TX000503,2026-09-23,14:33:00,Ho Chi Minh,Beauty,mobile,1,841967,841967,RETURNED,3
TX000504,2026-09-13,01:37:00,Ha Noi,Toy,mobile,1,776400,776400,SUCCESS,4
TX000505,2026-09-10,13:05:00,Ho Chi Minh,Electronics,partner,1,11328305,11328305,SUCCESS,4
TX000506,2026-09-25,22:05:00,Ha Noi,Electronics,partner,2,7459208,14918416,FAILED,4
TX000507,2026-09-29,12:35:00,Ha Noi,Electronics,mobile,2,16718478,33436956,FAILED,2
TX000508,2026-09-13,03:33:00,Dong Nai,Book,mobile,1,175033,175033,FAILED,5
TX000509,2026-09-26,11:28:00,Bac Ninh,Grocery,partner,2,113549,227098,SUCCESS,4
TX000510,2026-09-02,22:07:00,Lam Dong,Grocery,mobile,3,480669,1442007,FAILED,3
TX000511,2026-09-07,09:31:00,Ha Noi,Grocery,mobile,2,303656,607312,SUCCESS,1
TX000512,2026-09-15,23:40:00,Dong Nai,Beauty,mobile,1,304005,304005,SUCCESS,2
TX000513,2026-09-25,06:41:00,Ho Chi Minh,Sport,web,1,757803,757803,SUCCESS,3
TX000514,2026-09-30,08:56:00,Lam Dong,Book,partner,1,339788,339788,SUCCESS,3
TX000515,2026-09-11,18:11:00,Dong Nai,Fashion,partner,2,655892,1311784,FAILED,4
TX000516,2026-09-19,11:46:00,Binh Duong,Fashion,partner,2,1151152,2302304,SUCCESS,3
TX000517,2026-09-12,21:02:00,Ho Chi Minh,Fashion,web,2,1070558,2141116,SUCCESS,4
TX000518,2026-09-29,14:16:00,Ho Chi Minh,Grocery,partner,1,160864,160864,RETURNED,8
TX000519,2026-09-07,01:49:00,Ho Chi Minh,Beauty,web,2,949262,1898524,RETURNED,3
TX000520,2026-09-26,10:03:00,Can Tho,Book,mobile,1,187249,187249,SUCCESS,3
TX000521,2026-09-08,17:49:00,Lam Dong,Electronics,partner,1,15801504,15801504,RETURNED,8
TX000522,2026-09-23,11:45:00,Ho Chi Minh,Grocery,web,2,462059,924118,SUCCESS,3
TX000523,2026-09-29,02:40:00,Ho Chi Minh,Fashion,partner,1,299807,299807,SUCCESS,4
TX000524,2026-09-28,04:17:00,Ho Chi Minh,Electronics,web,3,3171400,9514200,SUCCESS,1
TX000525,2026-09-12,13:03:00,Ho Chi Minh,Fashion,web,1,897836,897836,RETURNED,6
TX000526,2026-09-15,10:35:00,Hai Phong,Grocery,partner,1,194243,194243,SUCCESS,4
TX000527,2026-09-13,00:05:00,Ho Chi Minh,Grocery,web,2,416331,832662,SUCCESS,2
TX000528,2026-09-11,11:04:00,Ha Noi,Grocery,mobile,4,258814,1035256,SUCCESS,4
TX000529,2026-09-06,02:52:00,Dong Nai,Home,partner,1,1715443,1715443,SUCCESS,3
TX000530,2026-09-01,04:30:00,Ho Chi Minh,Grocery,mobile,1,159057,159057,RETURNED,5
TX000531,2026-09-27,20:48:00,Khanh Hoa,Electronics,mobile,3,12056145,36168435,SUCCESS,3
TX000532,2026-09-02,23:53:00,Can Tho,Toy,mobile,1,1743835,1743835,SUCCESS,7
TX000533,2026-09-05,05:05:00,Ho Chi Minh,Electronics,mobile,1,14585442,14585442,RETURNED,3
TX000534,2026-09-23,08:08:00,Binh Duong,Beauty,mobile,1,281560,281560,FAILED,5
TX000535,2026-09-26,15:00:00,Da Nang,Electronics,mobile,1,15377967,15377967,RETURNED,5
TX000536,2026-09-24,23:55:00,Can Tho,Grocery,partner,1,259300,259300,SUCCESS,4
TX000537,2026-09-20,11:11:00,Ho Chi Minh,Electronics,mobile,1,3768005,3768005,SUCCESS,3
TX000538,2026-09-12,14:22:00,Da Nang,Beauty,mobile,1,1050727,1050727,SUCCESS,4
TX000539,2026-09-27,17:23:00,Hai Phong,Beauty,mobile,4,522642,2090568,SUCCESS,2
TX000540,2026-09-25,07:40:00,Ha Noi,Fashion,partner,1,480155,480155,SUCCESS,3
TX000541,2026-09-18,23:26:00,Binh Duong,Electronics,mobile,1,5733671,5733671,SUCCESS,3
TX000542,2026-09-29,11:49:00,Dong Nai,Grocery,mobile,1,433555,433555,FAILED,5
TX000543,2026-09-22,10:59:00,Ha Noi,Grocery,mobile,1,184576,184576,FAILED,4
TX000544,2026-09-23,13:26:00,Binh Duong,Grocery,web,1,285588,285588,SUCCESS,5
TX000545,2026-09-03,18:18:00,Ho Chi Minh,Grocery,partner,1,170429,170429,SUCCESS,4
TX000546,2026-09-20,20:28:00,Ha Noi,Fashion,web,2,1104068,2208136,SUCCESS,4
TX000547,2026-09-14,08:27:00,Hai Phong,Fashion,web,2,875510,1751020,SUCCESS,3
TX000548,2026-09-10,01:53:00,Ha Noi,Grocery,web,1,189201,189201,SUCCESS,2
TX000549,2026-09-23,21:55:00,Ha Noi,Electronics,web,1,15649225,15649225,SUCCESS,3
TX000550,2026-09-26,08:25:00,Ho Chi Minh,Electronics,web,2,4694426,9388852,RETURNED,2
TX000551,2026-09-29,16:02:00,Ha Noi,Electronics,mobile,2,13334572,26669144,SUCCESS,3
TX000552,2026-09-07,06:29:00,Ha Noi,Electronics,mobile,1,15150249,15150249,SUCCESS,4
TX000553,2026-09-29,15:31:00,Can Tho,Electronics,mobile,1,15350649,15350649,SUCCESS,3
TX000554,2026-09-07,15:01:00,Binh Duong,Beauty,partner,1,922322,922322,SUCCESS,3
TX000555,2026-09-03,15:08:00,Bac Ninh,Toy,partner,1,1976795,1976795,FAILED,7
TX000556,2026-09-07,16:24:00,Hai Phong,Grocery,mobile,1,395675,395675,SUCCESS,4
TX000557,2026-09-06,17:37:00,Ho Chi Minh,Grocery,web,1,298263,298263,SUCCESS,3
TX000558,2026-09-14,19:59:00,Hai Phong,Toy,mobile,1,329654,329654,SUCCESS,2
TX000559,2026-09-14,13:27:00,Da Nang,Electronics,mobile,1,12574291,12574291,SUCCESS,4
TX000560,2026-09-13,22:47:00,Can Tho,Home,mobile,1,1082707,1082707,FAILED,5
TX000561,2026-09-05,11:01:00,Ha Noi,Grocery,partner,1,78364,78364,SUCCESS,4
TX000562,2026-09-26,10:32:00,Ho Chi Minh,Fashion,partner,1,1166116,1166116,SUCCESS,4
TX000563,2026-09-21,19:56:00,Ha Noi,Beauty,web,2,148382,296764,SUCCESS,4
TX000564,2026-09-06,12:01:00,Ho Chi Minh,Fashion,web,1,366923,366923,SUCCESS,4
TX000565,2026-09-14,21:19:00,Khanh Hoa,Electronics,mobile,1,17601193,17601193,SUCCESS,6
TX000566,2026-09-18,04:07:00,Ho Chi Minh,Beauty,partner,1,1046653,1046653,SUCCESS,1
TX000567,2026-09-29,09:07:00,Ho Chi Minh,Fashion,partner,1,830930,830930,SUCCESS,1
TX000568,2026-09-29,16:14:00,Binh Duong,Beauty,web,1,1216308,1216308,SUCCESS,2
TX000569,2026-09-30,22:59:00,Lam Dong,Electronics,web,1,1836647,1836647,SUCCESS,7
TX000570,2026-09-23,08:49:00,Dong Nai,Electronics,web,1,15863871,15863871,RETURNED,6
TX000571,2026-09-09,07:31:00,Ho Chi Minh,Electronics,mobile,1,11494305,11494305,SUCCESS,1
TX000572,2026-09-07,11:36:00,Ho Chi Minh,Fashion,mobile,2,373684,747368,SUCCESS,1
TX000573,2026-09-03,18:13:00,Ho Chi Minh,Grocery,web,1,45155,45155,SUCCESS,1
TX000574,2026-09-26,05:53:00,Can Tho,Electronics,partner,1,14848128,14848128,SUCCESS,4
TX000575,2026-09-20,06:51:00,Lam Dong,Grocery,partner,1,456059,456059,RETURNED,9
TX000576,2026-09-12,10:02:00,Dong Nai,Fashion,mobile,1,566177,566177,SUCCESS,2
TX000577,2026-09-06,14:19:00,Dong Nai,Beauty,mobile,1,1138684,1138684,SUCCESS,5
TX000578,2026-09-12,04:37:00,Can Tho,Fashion,partner,1,1084269,1084269,SUCCESS,3
TX000579,2026-09-08,21:32:00,Ho Chi Minh,Sport,partner,2,2409259,4818518,SUCCESS,4
TX000580,2026-09-06,14:48:00,Ho Chi Minh,Home,partner,2,1246595,2493190,SUCCESS,2
TX000581,2026-09-01,21:36:00,Binh Duong,Beauty,mobile,4,1391216,5564864,RETURNED,5
TX000582,2026-09-28,13:56:00,Ha Noi,Electronics,web,1,14490446,14490446,SUCCESS,2
TX000583,2026-09-27,18:25:00,Ha Noi,Electronics,partner,4,9911551,39646204,SUCCESS,3
TX000584,2026-09-26,11:47:00,Khanh Hoa,Electronics,partner,1,15531583,15531583,SUCCESS,5
TX000585,2026-09-02,23:28:00,Khanh Hoa,Fashion,partner,1,1000934,1000934,FAILED,3
TX000586,2026-09-11,06:26:00,Bac Ninh,Grocery,web,1,133220,133220,SUCCESS,6
TX000587,2026-09-27,23:12:00,Binh Duong,Sport,partner,1,378307,378307,SUCCESS,2
TX000588,2026-09-29,04:43:00,Ho Chi Minh,Electronics,web,2,16180583,32361166,SUCCESS,2
TX000589,2026-09-21,02:41:00,Ha Noi,Book,web,2,405238,810476,SUCCESS,4
TX000590,2026-09-28,06:53:00,Binh Duong,Book,partner,2,274450,548900,SUCCESS,5
TX000591,2026-09-15,22:28:00,Da Nang,Electronics,web,1,1612336,1612336,SUCCESS,5
TX000592,2026-09-12,01:35:00,Ha Noi,Electronics,mobile,2,5484255,10968510,SUCCESS,2
TX000593,2026-09-15,01:09:00,Da Nang,Fashion,mobile,1,423248,423248,RETURNED,4
TX000594,2026-09-09,14:49:00,Can Tho,Beauty,web,1,1267191,1267191,SUCCESS,6
TX000595,2026-09-23,13:41:00,Ha Noi,Electronics,web,2,8683480,17366960,SUCCESS,4
TX000596,2026-09-19,05:14:00,Ha Noi,Toy,web,1,368638,368638,SUCCESS,3
TX000597,2026-09-02,08:25:00,Ha Noi,Fashion,web,1,669451,669451,SUCCESS,3
TX000598,2026-09-01,22:55:00,Dong Nai,Electronics,partner,1,4923502,4923502,SUCCESS,5
TX000599,2026-09-03,23:24:00,Ha Noi,Sport,partner,1,1483585,1483585,SUCCESS,1
TX000600,2026-09-27,17:30:00,Ha Noi,Grocery,web,1,159589,159589,SUCCESS,4
TX000601,2026-09-04,16:55:00,Binh Duong,Home,partner,1,4471131,4471131,SUCCESS,4
TX000602,2026-09-22,23:53:00,Hai Phong,Grocery,mobile,2,364551,729102,SUCCESS,3
TX000603,2026-09-10,22:45:00,Ho Chi Minh,Sport,mobile,1,502439,502439,SUCCESS,1
TX000604,2026-09-24,07:31:00,Can Tho,Grocery,partner,1,244409,244409,SUCCESS,5
TX000605,2026-09-04,10:53:00,Ho Chi Minh,Electronics,mobile,1,3822581,3822581,SUCCESS,3
TX000606,2026-09-14,18:38:00,Binh Duong,Beauty,mobile,2,369124,738248,SUCCESS,4
TX000607,2026-09-19,11:11:00,Dong Nai,Beauty,partner,1,393065,393065,SUCCESS,3
TX000608,2026-09-27,17:09:00,Binh Duong,Beauty,mobile,2,736565,1473130,SUCCESS,5
TX000609,2026-09-26,09:58:00,Ha Noi,Electronics,partner,1,5506565,5506565,SUCCESS,4
TX000610,2026-09-25,11:12:00,Ho Chi Minh,Grocery,web,2,110578,221156,SUCCESS,4
TX000611,2026-09-22,14:35:00,Ha Noi,Grocery,web,2,78885,157770,SUCCESS,1
TX000612,2026-09-10,01:21:00,Ha Noi,Toy,mobile,1,1023498,1023498,SUCCESS,2
TX000613,2026-09-19,16:46:00,Ho Chi Minh,Toy,web,2,342487,684974,SUCCESS,4
TX000614,2026-09-28,11:24:00,Da Nang,Fashion,partner,4,1173766,4695064,SUCCESS,5
TX000615,2026-09-12,05:36:00,Ho Chi Minh,Sport,mobile,2,1357589,2715178,SUCCESS,3
TX000616,2026-09-28,21:35:00,Dong Nai,Home,mobile,1,4040540,4040540,SUCCESS,2
TX000617,2026-09-02,23:41:00,Ha Noi,Home,partner,1,4339673,4339673,RETURNED,2
TX000618,2026-09-15,20:05:00,Ho Chi Minh,Electronics,partner,1,8158252,8158252,SUCCESS,3
TX000619,2026-09-19,04:11:00,Dong Nai,Fashion,partner,1,645558,645558,SUCCESS,2
TX000620,2026-09-30,21:38:00,Ha Noi,Toy,web,1,1342947,1342947,SUCCESS,4
TX000621,2026-09-04,12:44:00,Hai Phong,Electronics,partner,1,10368824,10368824,SUCCESS,2
TX000622,2026-09-24,19:07:00,Can Tho,Beauty,web,1,1011107,1011107,SUCCESS,4
TX000623,2026-09-18,01:12:00,Khanh Hoa,Electronics,partner,1,1738160,1738160,FAILED,4
TX000624,2026-09-08,14:27:00,Ha Noi,Grocery,web,2,324678,649356,SUCCESS,2
TX000625,2026-09-17,05:28:00,Ho Chi Minh,Electronics,web,2,11811261,23622522,SUCCESS,3
TX000626,2026-09-04,01:32:00,Khanh Hoa,Fashion,mobile,1,333518,333518,RETURNED,8
TX000627,2026-09-08,23:30:00,Can Tho,Sport,partner,1,1753781,1753781,SUCCESS,7
TX000628,2026-09-01,14:31:00,Ha Noi,Book,web,1,436879,436879,SUCCESS,3
TX000629,2026-09-07,21:39:00,Ho Chi Minh,Book,partner,2,222328,444656,SUCCESS,4
TX000630,2026-09-14,03:04:00,Binh Duong,Fashion,partner,2,838753,1677506,SUCCESS,3
TX000631,2026-09-18,08:41:00,Ho Chi Minh,Electronics,web,4,1402758,5611032,RETURNED,3
TX000632,2026-09-27,23:18:00,Da Nang,Home,partner,1,4118102,4118102,SUCCESS,3
TX000633,2026-09-12,07:56:00,Ho Chi Minh,Grocery,web,1,482159,482159,SUCCESS,4
TX000634,2026-09-22,22:28:00,Ha Noi,Fashion,mobile,1,749631,749631,SUCCESS,3
TX000635,2026-09-26,14:00:00,Da Nang,Electronics,mobile,1,5785426,5785426,SUCCESS,5
TX000636,2026-09-19,22:11:00,Lam Dong,Toy,web,1,1925978,1925978,RETURNED,8
TX000637,2026-09-20,20:33:00,Lam Dong,Beauty,web,1,1411649,1411649,SUCCESS,4
TX000638,2026-09-22,17:48:00,Ha Noi,Home,web,1,1436207,1436207,RETURNED,3
TX000639,2026-09-05,04:49:00,Can Tho,Sport,partner,1,1940428,1940428,SUCCESS,7
TX000640,2026-09-18,10:06:00,Da Nang,Beauty,web,1,802244,802244,SUCCESS,4
TX000641,2026-09-08,15:56:00,Dong Nai,Electronics,web,1,3543491,3543491,SUCCESS,3
TX000642,2026-09-23,03:21:00,Ha Noi,Sport,partner,4,954823,3819292,FAILED,4
TX000643,2026-09-29,10:02:00,Ha Noi,Book,partner,1,248038,248038,SUCCESS,4
TX000644,2026-09-05,14:06:00,Ha Noi,Fashion,mobile,1,207785,207785,RETURNED,7
TX000645,2026-09-16,08:07:00,Da Nang,Fashion,web,1,781072,781072,SUCCESS,4
TX000646,2026-09-01,03:22:00,Ho Chi Minh,Beauty,partner,1,1192810,1192810,SUCCESS,4
TX000647,2026-09-19,19:14:00,Can Tho,Electronics,web,1,12010686,12010686,SUCCESS,7
TX000648,2026-09-16,20:28:00,Ho Chi Minh,Sport,web,1,750462,750462,SUCCESS,1
TX000649,2026-09-23,15:52:00,Binh Duong,Fashion,web,1,472432,472432,SUCCESS,2
TX000650,2026-09-20,19:01:00,Bac Ninh,Electronics,partner,3,12155548,36466644,SUCCESS,4
TX000651,2026-09-29,20:00:00,Hai Phong,Electronics,partner,1,12366952,12366952,SUCCESS,5
TX000652,2026-09-30,05:20:00,Binh Duong,Toy,partner,1,303586,303586,SUCCESS,3
TX000653,2026-09-06,06:49:00,Da Nang,Electronics,mobile,1,11715029,11715029,FAILED,5
TX000654,2026-09-17,14:42:00,Binh Duong,Sport,partner,1,2081908,2081908,RETURNED,7
TX000655,2026-09-21,17:50:00,Ha Noi,Fashion,partner,1,791380,791380,SUCCESS,3
TX000656,2026-09-18,03:27:00,Ha Noi,Home,web,1,640958,640958,SUCCESS,2
TX000657,2026-09-25,22:29:00,Ho Chi Minh,Grocery,partner,1,427260,427260,SUCCESS,2
TX000658,2026-09-25,22:34:00,Ho Chi Minh,Electronics,web,1,3016076,3016076,FAILED,2
TX000659,2026-09-09,21:42:00,Binh Duong,Electronics,web,3,4620801,13862403,SUCCESS,2
TX000660,2026-09-24,10:59:00,Can Tho,Grocery,partner,1,158451,158451,SUCCESS,4
TX000661,2026-09-18,02:00:00,Binh Duong,Toy,web,1,1439850,1439850,SUCCESS,2
TX000662,2026-09-06,13:18:00,Ho Chi Minh,Book,mobile,2,350407,700814,SUCCESS,2
TX000663,2026-09-23,00:51:00,Bac Ninh,Beauty,partner,2,213165,426330,SUCCESS,7
TX000664,2026-09-25,02:59:00,Ho Chi Minh,Grocery,web,1,375286,375286,SUCCESS,1
TX000665,2026-09-27,04:08:00,Ha Noi,Electronics,mobile,1,9815452,9815452,RETURNED,3
TX000666,2026-09-03,02:25:00,Lam Dong,Grocery,partner,4,103324,413296,SUCCESS,7
TX000667,2026-09-10,13:12:00,Hai Phong,Book,mobile,1,148604,148604,SUCCESS,4
TX000668,2026-09-06,20:20:00,Hai Phong,Grocery,partner,2,230163,460326,SUCCESS,3
TX000669,2026-09-10,06:33:00,Ha Noi,Beauty,mobile,1,1438474,1438474,SUCCESS,4
TX000670,2026-09-02,04:18:00,Lam Dong,Fashion,mobile,1,381349,381349,SUCCESS,5
TX000671,2026-09-07,15:49:00,Dong Nai,Fashion,web,1,325409,325409,FAILED,5
TX000672,2026-09-25,01:45:00,Ho Chi Minh,Grocery,mobile,1,348487,348487,SUCCESS,4
TX000673,2026-09-27,22:57:00,Ha Noi,Electronics,partner,1,6417421,6417421,RETURNED,6
TX000674,2026-09-21,20:01:00,Ha Noi,Toy,mobile,1,710024,710024,SUCCESS,3
TX000675,2026-09-15,05:35:00,Dong Nai,Book,partner,1,136566,136566,RETURNED,6
TX000676,2026-09-24,03:37:00,Lam Dong,Electronics,web,1,17903570,17903570,SUCCESS,5
TX000677,2026-09-25,00:50:00,Hai Phong,Electronics,mobile,2,16254264,32508528,SUCCESS,2
TX000678,2026-09-23,13:13:00,Ho Chi Minh,Fashion,partner,1,828750,828750,SUCCESS,1
TX000679,2026-09-29,17:24:00,Da Nang,Electronics,web,1,11428055,11428055,SUCCESS,4
TX000680,2026-09-01,05:37:00,Ho Chi Minh,Beauty,web,1,983461,983461,FAILED,4
TX000681,2026-09-23,04:23:00,Ha Noi,Beauty,web,2,864983,1729966,SUCCESS,3
TX000682,2026-09-20,23:02:00,Can Tho,Grocery,mobile,1,421690,421690,SUCCESS,6
TX000683,2026-09-16,01:46:00,Khanh Hoa,Electronics,mobile,1,7877060,7877060,SUCCESS,4
TX000684,2026-09-19,04:46:00,Ho Chi Minh,Sport,web,1,802390,802390,SUCCESS,2
TX000685,2026-09-16,13:42:00,Ho Chi Minh,Grocery,web,1,281759,281759,SUCCESS,2
TX000686,2026-09-13,19:04:00,Binh Duong,Home,web,1,4413882,4413882,FAILED,3
TX000687,2026-09-06,11:34:00,Ha Noi,Electronics,partner,1,7648403,7648403,SUCCESS,3
TX000688,2026-09-29,19:44:00,Bac Ninh,Fashion,partner,1,1124945,1124945,SUCCESS,5
TX000689,2026-09-20,00:38:00,Ha Noi,Sport,mobile,1,1039098,1039098,FAILED,1
TX000690,2026-09-09,09:53:00,Ho Chi Minh,Grocery,partner,2,88473,176946,SUCCESS,3
TX000691,2026-09-27,19:14:00,Ho Chi Minh,Fashion,web,2,560471,1120942,SUCCESS,2
TX000692,2026-09-21,06:53:00,Khanh Hoa,Electronics,partner,1,12705746,12705746,SUCCESS,5
TX000693,2026-09-16,19:23:00,Khanh Hoa,Grocery,mobile,1,65498,65498,SUCCESS,4
TX000694,2026-09-03,01:38:00,Lam Dong,Electronics,mobile,1,7581748,7581748,SUCCESS,7
TX000695,2026-09-19,05:50:00,Da Nang,Electronics,mobile,1,1320814,1320814,SUCCESS,4
TX000696,2026-09-11,00:39:00,Ho Chi Minh,Fashion,mobile,1,478841,478841,RETURNED,5
TX000697,2026-09-03,08:16:00,Can Tho,Fashion,partner,2,363657,727314,FAILED,5
TX000698,2026-09-07,01:56:00,Ho Chi Minh,Book,partner,1,55456,55456,SUCCESS,1
TX000699,2026-09-18,09:13:00,Lam Dong,Fashion,mobile,2,1047328,2094656,SUCCESS,4
TX000700,2026-09-11,13:06:00,Hai Phong,Grocery,partner,2,79121,158242,SUCCESS,5
TX000701,2026-09-09,05:03:00,Can Tho,Electronics,web,1,6666642,6666642,SUCCESS,6
TX000702,2026-09-24,23:22:00,Ha Noi,Beauty,web,2,123444,246888,RETURNED,4
TX000703,2026-09-13,04:21:00,Ha Noi,Book,web,1,105752,105752,SUCCESS,4
TX000704,2026-09-14,23:44:00,Ho Chi Minh,Electronics,web,1,3074870,3074870,SUCCESS,4
TX000705,2026-09-01,01:19:00,Khanh Hoa,Electronics,mobile,1,15532286,15532286,SUCCESS,3
TX000706,2026-09-08,17:12:00,Bac Ninh,Fashion,web,1,869328,869328,SUCCESS,4
TX000707,2026-09-20,12:10:00,Da Nang,Grocery,mobile,1,498250,498250,FAILED,4
TX000708,2026-09-04,11:24:00,Binh Duong,Home,web,1,3947152,3947152,SUCCESS,4
TX000709,2026-09-05,02:47:00,Ho Chi Minh,Electronics,mobile,2,14119040,28238080,SUCCESS,2
TX000710,2026-09-20,01:17:00,Da Nang,Grocery,partner,2,231655,463310,SUCCESS,3
TX000711,2026-09-04,23:18:00,Ha Noi,Electronics,mobile,1,1775614,1775614,FAILED,2
TX000712,2026-09-21,22:52:00,Ha Noi,Home,partner,1,1355961,1355961,SUCCESS,1
TX000713,2026-09-20,07:53:00,Ho Chi Minh,Beauty,partner,1,411713,411713,SUCCESS,1
TX000714,2026-09-19,22:55:00,Ha Noi,Electronics,partner,1,5901391,5901391,SUCCESS,1
TX000715,2026-09-02,11:04:00,Da Nang,Electronics,mobile,1,6580412,6580412,SUCCESS,3
TX000716,2026-09-08,03:16:00,Ho Chi Minh,Electronics,partner,1,13868820,13868820,SUCCESS,1
TX000717,2026-09-22,07:39:00,Ho Chi Minh,Book,web,1,78663,78663,SUCCESS,3
TX000718,2026-09-11,21:37:00,Ho Chi Minh,Grocery,web,1,343058,343058,SUCCESS,3
TX000719,2026-09-26,22:43:00,Da Nang,Grocery,mobile,2,55191,110382,RETURNED,6
TX000720,2026-09-17,04:40:00,Bac Ninh,Beauty,mobile,2,1136080,2272160,SUCCESS,6
TX000721,2026-09-27,16:27:00,Dong Nai,Electronics,partner,1,6609746,6609746,SUCCESS,3
TX000722,2026-09-08,07:54:00,Bac Ninh,Grocery,web,2,441750,883500,SUCCESS,6
TX000723,2026-09-10,12:05:00,Bac Ninh,Book,mobile,3,57833,173499,SUCCESS,3
TX000724,2026-09-05,06:47:00,Ho Chi Minh,Electronics,mobile,1,11118964,11118964,SUCCESS,4
TX000725,2026-09-22,12:55:00,Bac Ninh,Beauty,partner,1,1103953,1103953,SUCCESS,7
TX000726,2026-09-06,20:53:00,Ho Chi Minh,Grocery,partner,2,73773,147546,RETURNED,2
TX000727,2026-09-12,03:24:00,Hai Phong,Grocery,partner,1,182389,182389,SUCCESS,5
TX000728,2026-09-05,06:07:00,Ho Chi Minh,Grocery,partner,1,74995,74995,SUCCESS,3
TX000729,2026-09-23,03:09:00,Ha Noi,Beauty,partner,1,1223118,1223118,SUCCESS,1
TX000730,2026-09-18,07:22:00,Ha Noi,Home,web,1,392457,392457,SUCCESS,2
TX000731,2026-09-13,11:10:00,Ho Chi Minh,Fashion,mobile,1,1000220,1000220,FAILED,4
TX000732,2026-09-14,12:17:00,Ha Noi,Fashion,partner,1,1130041,1130041,SUCCESS,1
TX000733,2026-09-28,04:13:00,Ha Noi,Beauty,web,1,743780,743780,SUCCESS,3
TX000734,2026-09-19,11:52:00,Ho Chi Minh,Beauty,partner,2,1419904,2839808,SUCCESS,2
TX000735,2026-09-18,04:23:00,Ha Noi,Electronics,partner,2,7614231,15228462,SUCCESS,4
TX000736,2026-09-21,18:04:00,Ho Chi Minh,Fashion,mobile,1,824279,824279,SUCCESS,4
TX000737,2026-09-13,23:19:00,Dong Nai,Beauty,web,1,288090,288090,SUCCESS,5
TX000738,2026-09-23,14:12:00,Binh Duong,Book,web,1,354733,354733,SUCCESS,5
TX000739,2026-09-09,21:36:00,Dong Nai,Toy,mobile,1,1710384,1710384,SUCCESS,4
TX000740,2026-09-19,20:58:00,Hai Phong,Electronics,partner,2,15110213,30220426,SUCCESS,3
TX000741,2026-09-20,13:41:00,Ha Noi,Toy,mobile,1,1404362,1404362,SUCCESS,4
TX000742,2026-09-24,13:00:00,Ha Noi,Fashion,web,1,1177503,1177503,SUCCESS,3
TX000743,2026-09-05,05:51:00,Ha Noi,Grocery,partner,1,354062,354062,SUCCESS,4
TX000744,2026-09-29,17:46:00,Binh Duong,Electronics,partner,1,8640870,8640870,SUCCESS,3
TX000745,2026-09-02,01:16:00,Can Tho,Grocery,mobile,1,270715,270715,SUCCESS,3
TX000746,2026-09-17,10:44:00,Khanh Hoa,Electronics,mobile,1,4577982,4577982,SUCCESS,6
TX000747,2026-09-29,20:00:00,Khanh Hoa,Home,mobile,2,4958805,9917610,SUCCESS,5
TX000748,2026-09-23,00:33:00,Bac Ninh,Grocery,web,1,303546,303546,SUCCESS,7
TX000749,2026-09-10,20:15:00,Dong Nai,Electronics,mobile,1,8479895,8479895,SUCCESS,2
TX000750,2026-09-26,02:22:00,Can Tho,Grocery,mobile,1,298779,298779,FAILED,5
TX000751,2026-09-05,16:23:00,Da Nang,Beauty,partner,1,1103057,1103057,SUCCESS,4
TX000752,2026-09-05,21:28:00,Da Nang,Grocery,mobile,1,361716,361716,SUCCESS,4
TX000753,2026-09-02,08:42:00,Ha Noi,Home,web,1,2005095,2005095,SUCCESS,1
TX000754,2026-09-15,11:59:00,Hai Phong,Beauty,web,1,567899,567899,SUCCESS,3
TX000755,2026-09-26,12:42:00,Ho Chi Minh,Book,web,1,446467,446467,SUCCESS,4
TX000756,2026-09-13,11:44:00,Ho Chi Minh,Electronics,mobile,1,6942496,6942496,FAILED,1
TX000757,2026-09-13,22:36:00,Ha Noi,Toy,mobile,2,269480,538960,SUCCESS,3
TX000758,2026-09-15,10:27:00,Binh Duong,Fashion,partner,2,1155612,2311224,RETURNED,5
TX000759,2026-09-05,16:13:00,Ha Noi,Electronics,partner,1,1548832,1548832,FAILED,3
TX000760,2026-09-01,05:23:00,Lam Dong,Home,mobile,1,829499,829499,SUCCESS,6
TX000761,2026-09-08,18:03:00,Khanh Hoa,Grocery,partner,1,197422,197422,SUCCESS,4
TX000762,2026-09-22,18:01:00,Can Tho,Toy,partner,1,810314,810314,FAILED,4
TX000763,2026-09-04,13:12:00,Ha Noi,Grocery,mobile,1,381534,381534,SUCCESS,3
TX000764,2026-09-21,15:54:00,Can Tho,Home,mobile,1,3995273,3995273,SUCCESS,3
TX000765,2026-09-20,06:07:00,Ha Noi,Fashion,partner,1,428888,428888,SUCCESS,4
TX000766,2026-09-25,03:52:00,Ho Chi Minh,Fashion,mobile,1,863286,863286,SUCCESS,3
TX000767,2026-09-05,10:50:00,Ha Noi,Fashion,web,1,526704,526704,SUCCESS,4
TX000768,2026-09-03,06:28:00,Can Tho,Toy,partner,1,208091,208091,SUCCESS,7
TX000769,2026-09-19,09:53:00,Ho Chi Minh,Electronics,web,1,10201545,10201545,SUCCESS,1
TX000770,2026-09-09,10:09:00,Ho Chi Minh,Beauty,web,1,580421,580421,SUCCESS,4
TX000771,2026-09-01,13:54:00,Can Tho,Grocery,web,3,168324,504972,SUCCESS,6
TX000772,2026-09-22,12:10:00,Ha Noi,Home,mobile,1,1429626,1429626,SUCCESS,4
TX000773,2026-09-16,23:08:00,Bac Ninh,Fashion,mobile,1,651705,651705,SUCCESS,7
TX000774,2026-09-06,03:09:00,Ho Chi Minh,Grocery,mobile,1,245125,245125,SUCCESS,4
TX000775,2026-09-10,09:20:00,Binh Duong,Electronics,mobile,1,13876134,13876134,SUCCESS,4
TX000776,2026-09-27,19:30:00,Ho Chi Minh,Toy,mobile,1,327868,327868,SUCCESS,3
TX000777,2026-09-06,00:21:00,Lam Dong,Grocery,web,1,386999,386999,SUCCESS,5
TX000778,2026-09-14,09:55:00,Ha Noi,Electronics,web,1,10696484,10696484,SUCCESS,3
TX000779,2026-09-16,22:31:00,Dong Nai,Home,mobile,2,1850269,3700538,SUCCESS,2
TX000780,2026-09-17,03:21:00,Ha Noi,Book,partner,1,101452,101452,SUCCESS,3
TX000781,2026-09-07,08:01:00,Hai Phong,Electronics,mobile,1,5753026,5753026,SUCCESS,3
TX000782,2026-09-20,21:12:00,Ha Noi,Grocery,partner,1,389222,389222,RETURNED,5
TX000783,2026-09-02,04:51:00,Lam Dong,Grocery,web,1,442421,442421,FAILED,5
TX000784,2026-09-18,20:53:00,Ha Noi,Book,mobile,4,78493,313972,SUCCESS,1
TX000785,2026-09-26,17:36:00,Ho Chi Minh,Fashion,web,1,374683,374683,SUCCESS,4
TX000786,2026-09-11,04:10:00,Khanh Hoa,Book,partner,1,212996,212996,SUCCESS,4
TX000787,2026-09-06,12:12:00,Ho Chi Minh,Fashion,web,1,1113509,1113509,SUCCESS,2
TX000788,2026-09-25,21:09:00,Ho Chi Minh,Book,partner,2,126675,253350,SUCCESS,2
TX000789,2026-09-25,21:07:00,Ha Noi,Grocery,mobile,1,338681,338681,SUCCESS,4
TX000790,2026-09-07,17:50:00,Ha Noi,Grocery,mobile,2,334369,668738,RETURNED,8
TX000791,2026-09-01,09:57:00,Bac Ninh,Fashion,mobile,1,851558,851558,SUCCESS,7
TX000792,2026-09-21,21:52:00,Hai Phong,Home,web,1,4257944,4257944,SUCCESS,4
TX000793,2026-09-15,17:58:00,Da Nang,Grocery,web,1,53555,53555,RETURNED,8
TX000794,2026-09-11,18:26:00,Ha Noi,Sport,partner,2,630137,1260274,SUCCESS,3
TX000795,2026-09-29,17:32:00,Dong Nai,Sport,mobile,1,2823431,2823431,SUCCESS,5
TX000796,2026-09-14,00:29:00,Ha Noi,Beauty,mobile,2,130841,261682,FAILED,3
TX000797,2026-09-26,20:43:00,Da Nang,Electronics,web,1,7417782,7417782,FAILED,3
TX000798,2026-09-20,23:22:00,Ho Chi Minh,Fashion,web,1,283879,283879,SUCCESS,3
TX000799,2026-09-11,04:41:00,Dong Nai,Fashion,mobile,1,938783,938783,SUCCESS,4
TX000800,2026-09-29,03:43:00,Ha Noi,Beauty,web,1,142868,142868,SUCCESS,1
TX000801,2026-09-10,07:04:00,Da Nang,Beauty,partner,2,1262492,2524984,SUCCESS,2
TX000802,2026-09-22,18:56:00,Lam Dong,Fashion,web,1,338232,338232,SUCCESS,4
TX000803,2026-09-03,12:27:00,Ha Noi,Home,mobile,1,4834672,4834672,SUCCESS,2
TX000804,2026-09-20,10:12:00,Da Nang,Electronics,mobile,1,5159173,5159173,SUCCESS,3
TX000805,2026-09-25,09:41:00,Da Nang,Toy,partner,1,989718,989718,SUCCESS,4
TX000806,2026-09-30,19:39:00,Khanh Hoa,Toy,web,2,594705,1189410,SUCCESS,5
TX000807,2026-09-21,04:27:00,Hai Phong,Sport,mobile,1,2261603,2261603,FAILED,5
TX000808,2026-09-04,13:41:00,Ha Noi,Electronics,partner,2,8935502,17871004,SUCCESS,2
TX000809,2026-09-21,00:54:00,Can Tho,Grocery,partner,1,291571,291571,RETURNED,6
TX000810,2026-09-18,11:21:00,Ho Chi Minh,Home,web,1,3382025,3382025,SUCCESS,3
TX000811,2026-09-25,15:30:00,Binh Duong,Sport,partner,1,264693,264693,SUCCESS,5
TX000812,2026-09-03,14:23:00,Binh Duong,Grocery,web,3,252211,756633,SUCCESS,3
TX000813,2026-09-01,16:35:00,Ho Chi Minh,Beauty,partner,1,700389,700389,SUCCESS,3
TX000814,2026-09-12,09:37:00,Binh Duong,Home,web,1,2892654,2892654,SUCCESS,5
TX000815,2026-09-22,05:28:00,Ha Noi,Fashion,mobile,1,976919,976919,SUCCESS,2
TX000816,2026-09-13,13:37:00,Ho Chi Minh,Grocery,partner,1,107018,107018,SUCCESS,4
TX000817,2026-09-15,10:36:00,Ha Noi,Beauty,web,1,820997,820997,SUCCESS,4
TX000818,2026-09-24,06:11:00,Ha Noi,Electronics,mobile,1,13660752,13660752,SUCCESS,3
TX000819,2026-09-30,16:08:00,Ho Chi Minh,Sport,mobile,1,779410,779410,SUCCESS,2
TX000820,2026-09-24,05:55:00,Hai Phong,Beauty,web,4,148366,593464,SUCCESS,2
TX000821,2026-09-26,17:34:00,Ho Chi Minh,Grocery,partner,1,474383,474383,SUCCESS,2
TX000822,2026-09-14,08:06:00,Khanh Hoa,Fashion,mobile,3,604212,1812636,SUCCESS,3
TX000823,2026-09-26,12:10:00,Ho Chi Minh,Sport,partner,1,675467,675467,FAILED,2
TX000824,2026-09-12,20:17:00,Binh Duong,Fashion,mobile,1,290930,290930,SUCCESS,3
TX000825,2026-09-01,16:56:00,Ha Noi,Fashion,mobile,1,331802,331802,FAILED,4
TX000826,2026-09-17,03:03:00,Ha Noi,Beauty,mobile,1,785986,785986,SUCCESS,4
TX000827,2026-09-29,17:02:00,Ho Chi Minh,Home,partner,2,4472938,8945876,SUCCESS,3
TX000828,2026-09-30,13:19:00,Ho Chi Minh,Fashion,mobile,1,1186752,1186752,SUCCESS,4
TX000829,2026-09-15,16:35:00,Ho Chi Minh,Beauty,mobile,1,521829,521829,SUCCESS,1
TX000830,2026-09-13,23:04:00,Ha Noi,Fashion,web,1,1040475,1040475,SUCCESS,3
TX000831,2026-09-05,08:49:00,Ha Noi,Home,web,1,4712365,4712365,FAILED,3
TX000832,2026-09-13,19:50:00,Lam Dong,Grocery,web,2,465703,931406,SUCCESS,3
TX000833,2026-09-13,16:08:00,Binh Duong,Electronics,partner,1,13068912,13068912,SUCCESS,2
TX000834,2026-09-15,07:51:00,Khanh Hoa,Electronics,web,1,4570166,4570166,SUCCESS,6
TX000835,2026-09-09,21:43:00,Ho Chi Minh,Electronics,web,1,7478197,7478197,SUCCESS,4
TX000836,2026-09-23,07:57:00,Da Nang,Electronics,mobile,1,7176548,7176548,SUCCESS,3
TX000837,2026-09-11,13:17:00,Dong Nai,Book,mobile,1,237237,237237,RETURNED,8
TX000838,2026-09-15,19:25:00,Ha Noi,Grocery,partner,1,197198,197198,FAILED,4
TX000839,2026-09-19,18:01:00,Hai Phong,Electronics,mobile,1,10190033,10190033,SUCCESS,5
TX000840,2026-09-19,03:27:00,Ho Chi Minh,Electronics,partner,1,17490857,17490857,FAILED,2
TX000841,2026-09-06,00:29:00,Lam Dong,Book,partner,2,332993,665986,SUCCESS,5
TX000842,2026-09-03,21:19:00,Can Tho,Grocery,web,1,112309,112309,SUCCESS,6
TX000843,2026-09-26,03:58:00,Binh Duong,Sport,web,1,1819070,1819070,SUCCESS,4
TX000844,2026-09-11,11:13:00,Can Tho,Beauty,web,2,872423,1744846,SUCCESS,3
TX000845,2026-09-04,08:42:00,Ho Chi Minh,Beauty,mobile,1,1216022,1216022,SUCCESS,3
TX000846,2026-09-20,08:22:00,Ho Chi Minh,Electronics,partner,1,10395583,10395583,SUCCESS,4
TX000847,2026-09-13,16:15:00,Ho Chi Minh,Sport,mobile,1,2442528,2442528,SUCCESS,1
TX000848,2026-09-11,13:31:00,Ho Chi Minh,Grocery,partner,1,204291,204291,FAILED,4
TX000849,2026-09-12,09:01:00,Ha Noi,Fashion,partner,1,607440,607440,SUCCESS,3
TX000850,2026-09-26,17:28:00,Da Nang,Home,partner,3,4776730,14330190,SUCCESS,5
TX000851,2026-09-22,23:33:00,Ho Chi Minh,Home,web,1,3351483,3351483,SUCCESS,1
TX000852,2026-09-09,23:34:00,Ho Chi Minh,Toy,web,2,363318,726636,SUCCESS,4
TX000853,2026-09-14,12:07:00,Ha Noi,Toy,partner,1,678586,678586,SUCCESS,3
TX000854,2026-09-28,12:17:00,Ho Chi Minh,Grocery,mobile,1,116108,116108,SUCCESS,1
TX000855,2026-09-09,12:59:00,Ha Noi,Electronics,mobile,1,16587847,16587847,SUCCESS,2
TX000856,2026-09-29,14:50:00,Ha Noi,Electronics,web,1,10735752,10735752,SUCCESS,2
TX000857,2026-09-27,23:19:00,Ha Noi,Beauty,partner,1,294585,294585,SUCCESS,3
TX000858,2026-09-29,00:42:00,Can Tho,Grocery,mobile,1,440708,440708,SUCCESS,3
TX000859,2026-09-04,12:57:00,Khanh Hoa,Electronics,mobile,1,15953515,15953515,SUCCESS,6
TX000860,2026-09-22,14:15:00,Ho Chi Minh,Home,partner,1,1593484,1593484,SUCCESS,4
TX000861,2026-09-21,02:23:00,Ho Chi Minh,Home,web,1,412194,412194,SUCCESS,4
TX000862,2026-09-29,01:54:00,Da Nang,Toy,mobile,1,827053,827053,SUCCESS,4
TX000863,2026-09-05,06:47:00,Khanh Hoa,Sport,partner,4,1820566,7282264,SUCCESS,5
TX000864,2026-09-03,14:30:00,Bac Ninh,Home,partner,1,4776718,4776718,SUCCESS,4
TX000865,2026-09-09,01:13:00,Dong Nai,Electronics,partner,2,15278519,30557038,SUCCESS,3
TX000866,2026-09-28,22:39:00,Binh Duong,Fashion,web,1,474866,474866,FAILED,2
TX000867,2026-09-09,18:44:00,Dong Nai,Grocery,mobile,1,120484,120484,SUCCESS,2
TX000868,2026-09-13,11:01:00,Da Nang,Electronics,web,1,16844830,16844830,SUCCESS,2
TX000869,2026-09-01,11:24:00,Ha Noi,Fashion,mobile,1,637434,637434,SUCCESS,2
TX000870,2026-09-07,09:22:00,Da Nang,Fashion,partner,1,692101,692101,SUCCESS,4
TX000871,2026-09-17,13:09:00,Ho Chi Minh,Book,partner,1,356825,356825,SUCCESS,3
TX000872,2026-09-14,03:19:00,Ha Noi,Beauty,mobile,1,621513,621513,SUCCESS,2
TX000873,2026-09-07,08:42:00,Ho Chi Minh,Fashion,web,1,190988,190988,SUCCESS,1
TX000874,2026-09-17,07:02:00,Ho Chi Minh,Grocery,partner,2,260166,520332,SUCCESS,3
TX000875,2026-09-16,09:03:00,Ho Chi Minh,Fashion,web,1,611369,611369,SUCCESS,1
TX000876,2026-09-24,07:27:00,Ha Noi,Fashion,mobile,2,412655,825310,SUCCESS,3
TX000877,2026-09-19,00:31:00,Ha Noi,Electronics,partner,1,6148977,6148977,SUCCESS,1
TX000878,2026-09-12,03:18:00,Ha Noi,Grocery,partner,1,280265,280265,SUCCESS,4
TX000879,2026-09-18,03:00:00,Dong Nai,Beauty,partner,1,360024,360024,SUCCESS,5
TX000880,2026-09-18,22:11:00,Da Nang,Fashion,web,1,584926,584926,FAILED,5
TX000881,2026-09-30,09:08:00,Ha Noi,Grocery,mobile,1,188302,188302,SUCCESS,3
TX000882,2026-09-22,21:00:00,Ha Noi,Toy,partner,1,1760784,1760784,SUCCESS,1
TX000883,2026-09-19,09:47:00,Binh Duong,Electronics,web,1,11904728,11904728,SUCCESS,5
TX000884,2026-09-14,18:54:00,Ho Chi Minh,Beauty,partner,1,1073100,1073100,SUCCESS,4
TX000885,2026-09-18,10:51:00,Dong Nai,Electronics,web,1,1433429,1433429,FAILED,5
TX000886,2026-09-22,03:38:00,Ho Chi Minh,Electronics,partner,1,17628968,17628968,SUCCESS,1
TX000887,2026-09-13,03:53:00,Ha Noi,Fashion,web,1,1056944,1056944,SUCCESS,4
TX000888,2026-09-08,23:24:00,Ha Noi,Electronics,web,2,6053457,12106914,FAILED,4
TX000889,2026-09-04,11:35:00,Ho Chi Minh,Electronics,partner,1,4593115,4593115,SUCCESS,2
TX000890,2026-09-12,16:33:00,Hai Phong,Beauty,partner,1,1277253,1277253,FAILED,3
TX000891,2026-09-03,05:20:00,Ho Chi Minh,Grocery,partner,1,421574,421574,SUCCESS,2
TX000892,2026-09-13,23:12:00,Ho Chi Minh,Fashion,web,2,988902,1977804,SUCCESS,1
TX000893,2026-09-11,05:34:00,Ha Noi,Fashion,mobile,1,723626,723626,SUCCESS,4
TX000894,2026-09-26,09:06:00,Ha Noi,Fashion,web,1,1051938,1051938,SUCCESS,4
TX000895,2026-09-27,00:01:00,Lam Dong,Book,web,2,442173,884346,SUCCESS,6
TX000896,2026-09-08,02:17:00,Can Tho,Electronics,partner,1,12998623,12998623,SUCCESS,6
TX000897,2026-09-06,14:53:00,Ha Noi,Electronics,mobile,2,4912219,9824438,SUCCESS,3
TX000898,2026-09-17,12:41:00,Can Tho,Book,web,2,329187,658374,SUCCESS,6
TX000899,2026-09-09,02:00:00,Ho Chi Minh,Electronics,partner,1,12409020,12409020,SUCCESS,2
TX000900,2026-09-02,07:43:00,Can Tho,Electronics,web,1,3901326,3901326,SUCCESS,5
TX000901,2026-09-28,08:49:00,Khanh Hoa,Book,web,2,243495,486990,SUCCESS,5
TX000902,2026-09-02,09:44:00,Ha Noi,Grocery,web,2,156816,313632,FAILED,2
TX000903,2026-09-22,00:51:00,Hai Phong,Electronics,partner,1,2284565,2284565,SUCCESS,2
TX000904,2026-09-28,14:58:00,Can Tho,Grocery,mobile,2,282081,564162,SUCCESS,5
TX000905,2026-09-24,06:45:00,Can Tho,Grocery,mobile,1,106537,106537,SUCCESS,4
TX000906,2026-09-10,13:28:00,Ho Chi Minh,Fashion,partner,1,1081003,1081003,SUCCESS,4
TX000907,2026-09-12,17:43:00,Da Nang,Grocery,partner,1,303562,303562,SUCCESS,3
TX000908,2026-09-29,20:22:00,Ho Chi Minh,Beauty,web,2,349595,699190,SUCCESS,2
TX000909,2026-09-10,15:11:00,Da Nang,Electronics,partner,1,1604891,1604891,SUCCESS,4
TX000910,2026-09-08,02:15:00,Da Nang,Grocery,partner,1,483723,483723,FAILED,2
TX000911,2026-09-03,22:43:00,Ho Chi Minh,Fashion,partner,1,434758,434758,FAILED,1
TX000912,2026-09-24,20:28:00,Khanh Hoa,Beauty,web,1,287282,287282,RETURNED,8
TX000913,2026-09-21,07:50:00,Da Nang,Fashion,web,1,503117,503117,SUCCESS,4
TX000914,2026-09-09,15:32:00,Binh Duong,Sport,mobile,1,2606509,2606509,SUCCESS,2
TX000915,2026-09-29,20:23:00,Ha Noi,Grocery,partner,1,279579,279579,SUCCESS,1
TX000916,2026-09-20,13:24:00,Dong Nai,Electronics,partner,2,16052594,32105188,SUCCESS,5
TX000917,2026-09-09,00:49:00,Ho Chi Minh,Grocery,web,1,168516,168516,SUCCESS,4
TX000918,2026-09-09,06:59:00,Ho Chi Minh,Fashion,partner,1,1159742,1159742,FAILED,3
TX000919,2026-09-25,12:17:00,Dong Nai,Electronics,partner,1,4847759,4847759,SUCCESS,4
TX000920,2026-09-10,13:41:00,Da Nang,Electronics,partner,1,6447501,6447501,RETURNED,9
TX000921,2026-09-13,06:14:00,Ha Noi,Fashion,web,1,897605,897605,SUCCESS,4
TX000922,2026-09-19,09:21:00,Ha Noi,Fashion,web,1,1078167,1078167,SUCCESS,3
TX000923,2026-09-15,15:32:00,Ho Chi Minh,Fashion,partner,1,570845,570845,SUCCESS,4
TX000924,2026-09-27,23:38:00,Ho Chi Minh,Toy,partner,1,1342352,1342352,SUCCESS,1
TX000925,2026-09-16,14:18:00,Ho Chi Minh,Fashion,partner,1,352848,352848,SUCCESS,3
TX000926,2026-09-10,02:26:00,Da Nang,Grocery,mobile,2,321857,643714,FAILED,4
TX000927,2026-09-21,06:58:00,Binh Duong,Electronics,web,3,11979936,35939808,SUCCESS,2
TX000928,2026-09-06,10:11:00,Can Tho,Grocery,partner,1,466036,466036,RETURNED,10
TX000929,2026-09-23,09:24:00,Ho Chi Minh,Fashion,partner,2,278445,556890,FAILED,1
TX000930,2026-09-22,07:40:00,Can Tho,Toy,mobile,1,1434079,1434079,SUCCESS,7
TX000931,2026-09-21,15:56:00,Ho Chi Minh,Beauty,mobile,1,696172,696172,SUCCESS,3
TX000932,2026-09-07,20:22:00,Ho Chi Minh,Fashion,web,1,1079978,1079978,SUCCESS,3
TX000933,2026-09-05,14:12:00,Ha Noi,Book,mobile,1,232724,232724,SUCCESS,2
TX000934,2026-09-13,08:05:00,Ha Noi,Sport,mobile,2,256635,513270,FAILED,2
TX000935,2026-09-03,05:45:00,Ho Chi Minh,Fashion,web,1,917976,917976,SUCCESS,2
TX000936,2026-09-06,11:27:00,Lam Dong,Beauty,web,1,521088,521088,SUCCESS,6
TX000937,2026-09-01,07:55:00,Ho Chi Minh,Grocery,mobile,1,218949,218949,SUCCESS,4
TX000938,2026-09-01,17:18:00,Lam Dong,Fashion,web,1,215146,215146,SUCCESS,6
TX000939,2026-09-03,18:49:00,Da Nang,Electronics,web,2,11034286,22068572,RETURNED,6
TX000940,2026-09-08,09:21:00,Ha Noi,Electronics,web,1,14744390,14744390,SUCCESS,4
TX000941,2026-09-07,13:39:00,Khanh Hoa,Electronics,mobile,1,13851254,13851254,SUCCESS,6
TX000942,2026-09-19,21:22:00,Dong Nai,Grocery,mobile,1,193279,193279,SUCCESS,2
TX000943,2026-09-23,10:16:00,Binh Duong,Home,mobile,1,1396178,1396178,SUCCESS,5
TX000944,2026-09-28,23:45:00,Ha Noi,Fashion,mobile,4,751469,3005876,SUCCESS,2
TX000945,2026-09-20,04:57:00,Ho Chi Minh,Electronics,web,1,2348410,2348410,FAILED,2
TX000946,2026-09-19,01:22:00,Ho Chi Minh,Grocery,web,1,128434,128434,SUCCESS,4
TX000947,2026-09-13,17:04:00,Can Tho,Grocery,partner,1,497941,497941,SUCCESS,5
TX000948,2026-09-12,23:07:00,Ha Noi,Fashion,mobile,1,384719,384719,SUCCESS,3
TX000949,2026-09-21,14:19:00,Ho Chi Minh,Toy,partner,1,1831634,1831634,SUCCESS,2
TX000950,2026-09-17,02:35:00,Ho Chi Minh,Beauty,partner,1,1193315,1193315,SUCCESS,2
TX000951,2026-09-07,22:04:00,Da Nang,Toy,mobile,1,1959442,1959442,SUCCESS,5
TX000952,2026-09-15,15:37:00,Ha Noi,Sport,web,1,1025581,1025581,RETURNED,5
TX000953,2026-09-07,13:03:00,Ho Chi Minh,Electronics,web,1,9335710,9335710,FAILED,1
TX000954,2026-09-13,13:42:00,Ha Noi,Fashion,partner,1,551659,551659,SUCCESS,1
TX000955,2026-09-28,05:39:00,Ho Chi Minh,Book,mobile,2,439499,878998,SUCCESS,3
TX000956,2026-09-02,20:45:00,Ho Chi Minh,Sport,web,1,1370990,1370990,SUCCESS,3
TX000957,2026-09-23,12:09:00,Dong Nai,Toy,mobile,1,1412733,1412733,SUCCESS,4
TX000958,2026-09-04,18:45:00,Ha Noi,Beauty,partner,1,544284,544284,SUCCESS,4
TX000959,2026-09-28,14:36:00,Dong Nai,Fashion,partner,1,208292,208292,SUCCESS,4
TX000960,2026-09-28,11:31:00,Ho Chi Minh,Fashion,partner,2,848350,1696700,SUCCESS,4
TX000961,2026-09-02,04:00:00,Ha Noi,Electronics,mobile,2,12238141,24476282,SUCCESS,2
TX000962,2026-09-21,07:09:00,Binh Duong,Fashion,web,1,456786,456786,SUCCESS,5
TX000963,2026-09-16,04:33:00,Ho Chi Minh,Grocery,mobile,1,464468,464468,SUCCESS,2
TX000964,2026-09-10,04:48:00,Ho Chi Minh,Beauty,partner,1,838043,838043,SUCCESS,3
TX000965,2026-09-30,05:34:00,Da Nang,Beauty,mobile,1,239247,239247,FAILED,5
TX000966,2026-09-07,15:12:00,Hai Phong,Grocery,web,4,231976,927904,SUCCESS,2
TX000967,2026-09-25,22:32:00,Ha Noi,Toy,mobile,1,993493,993493,SUCCESS,1
TX000968,2026-09-12,02:09:00,Lam Dong,Home,partner,1,4965448,4965448,SUCCESS,6
TX000969,2026-09-27,04:33:00,Khanh Hoa,Toy,mobile,2,1957547,3915094,SUCCESS,7
TX000970,2026-09-04,12:08:00,Lam Dong,Electronics,partner,2,9484433,18968866,SUCCESS,5
TX000971,2026-09-30,08:28:00,Bac Ninh,Home,web,1,4060763,4060763,SUCCESS,4
TX000972,2026-09-26,11:37:00,Ho Chi Minh,Book,partner,3,420309,1260927,SUCCESS,3
TX000973,2026-09-02,06:07:00,Hai Phong,Grocery,web,1,142828,142828,SUCCESS,5
TX000974,2026-09-25,13:24:00,Bac Ninh,Grocery,partner,1,403352,403352,SUCCESS,4
TX000975,2026-09-09,20:34:00,Ha Noi,Book,mobile,1,390476,390476,SUCCESS,4
TX000976,2026-09-18,08:28:00,Hai Phong,Electronics,mobile,1,12719080,12719080,SUCCESS,4
TX000977,2026-09-10,03:06:00,Ha Noi,Toy,partner,2,112783,225566,SUCCESS,1
TX000978,2026-09-17,23:34:00,Ha Noi,Electronics,web,1,1622063,1622063,SUCCESS,2
TX000979,2026-09-29,23:12:00,Can Tho,Electronics,partner,2,8527410,17054820,SUCCESS,4
TX000980,2026-09-07,18:35:00,Dong Nai,Grocery,mobile,1,453207,453207,SUCCESS,2
TX000981,2026-09-09,18:58:00,Da Nang,Toy,web,1,1472376,1472376,SUCCESS,4
TX000982,2026-09-11,21:32:00,Lam Dong,Grocery,partner,1,217863,217863,SUCCESS,7
TX000983,2026-09-27,04:08:00,Hai Phong,Grocery,mobile,1,197938,197938,SUCCESS,2
TX000984,2026-09-02,02:01:00,Ho Chi Minh,Fashion,partner,1,935390,935390,RETURNED,5
TX000985,2026-09-15,06:35:00,Binh Duong,Grocery,partner,2,231799,463598,FAILED,3
TX000986,2026-09-17,21:02:00,Hai Phong,Electronics,web,1,8397196,8397196,SUCCESS,2
TX000987,2026-09-18,08:41:00,Ha Noi,Beauty,web,1,773634,773634,FAILED,4
TX000988,2026-09-08,02:18:00,Ha Noi,Fashion,partner,1,1006761,1006761,FAILED,4
TX000989,2026-09-01,11:10:00,Ho Chi Minh,Fashion,web,1,517402,517402,SUCCESS,4
TX000990,2026-09-11,03:32:00,Ha Noi,Electronics,mobile,1,6532598,6532598,SUCCESS,4
TX000991,2026-09-25,09:44:00,Ho Chi Minh,Home,mobile,2,1895556,3791112,SUCCESS,1
TX000992,2026-09-22,18:59:00,Ha Noi,Fashion,partner,1,506879,506879,SUCCESS,4
TX000993,2026-09-02,20:50:00,Can Tho,Grocery,mobile,1,410061,410061,RETURNED,7
TX000994,2026-09-10,03:09:00,Khanh Hoa,Electronics,web,1,13951836,13951836,SUCCESS,6
TX000995,2026-09-21,01:10:00,Ha Noi,Fashion,partner,1,457846,457846,SUCCESS,1
TX000996,2026-09-08,17:35:00,Hai Phong,Fashion,web,1,420912,420912,SUCCESS,2
TX000997,2026-09-29,14:15:00,Ha Noi,Grocery,partner,1,329626,329626,SUCCESS,4
TX000998,2026-09-12,09:06:00,Ho Chi Minh,Toy,mobile,1,372844,372844,SUCCESS,4
TX000999,2026-09-08,07:06:00,Ho Chi Minh,Electronics,mobile,1,11261553,11261553,SUCCESS,2
TX001000,2026-09-20,03:59:00,Khanh Hoa,Grocery,web,1,233655,233655,SUCCESS,4
TX001001,2026-09-10,20:58:00,Hai Phong,Grocery,mobile,1,317417,317417,SUCCESS,5
TX001002,2026-09-29,09:07:00,Ho Chi Minh,Electronics,mobile,1,12530766,12530766,SUCCESS,2
TX001003,2026-09-26,15:20:00,Binh Duong,Book,partner,2,215932,431864,SUCCESS,2
TX001004,2026-09-05,10:01:00,Binh Duong,Electronics,mobile,1,1490872,1490872,SUCCESS,2
TX001005,2026-09-29,08:44:00,Khanh Hoa,Grocery,web,2,207534,415068,SUCCESS,4
TX001006,2026-09-19,21:29:00,Ha Noi,Sport,partner,2,1329583,2659166,SUCCESS,1
TX001007,2026-09-07,16:10:00,Khanh Hoa,Electronics,mobile,2,2521318,5042636,SUCCESS,5
TX001008,2026-09-27,14:51:00,Da Nang,Grocery,partner,1,382196,382196,SUCCESS,4
TX001009,2026-09-18,21:56:00,Khanh Hoa,Electronics,mobile,1,7814646,7814646,SUCCESS,7
TX001010,2026-09-08,16:39:00,Ho Chi Minh,Fashion,mobile,1,169166,169166,SUCCESS,4
TX001011,2026-09-02,20:11:00,Ho Chi Minh,Toy,web,1,92393,92393,SUCCESS,4
TX001012,2026-09-22,09:29:00,Ho Chi Minh,Electronics,mobile,1,10269215,10269215,RETURNED,5
TX001013,2026-09-13,19:37:00,Ho Chi Minh,Sport,mobile,2,689076,1378152,SUCCESS,2
TX001014,2026-09-03,22:57:00,Ha Noi,Home,partner,1,3061646,3061646,SUCCESS,4
TX001015,2026-09-16,01:25:00,Binh Duong,Electronics,partner,1,5292915,5292915,SUCCESS,5
TX001016,2026-09-11,14:34:00,Ha Noi,Beauty,mobile,4,483992,1935968,SUCCESS,2
TX001017,2026-09-14,02:38:00,Binh Duong,Grocery,partner,1,126955,126955,FAILED,3
TX001018,2026-09-06,15:27:00,Hai Phong,Electronics,web,1,7476291,7476291,SUCCESS,4
TX001019,2026-09-20,09:52:00,Ho Chi Minh,Fashion,partner,1,134644,134644,SUCCESS,1
TX001020,2026-09-20,13:46:00,Ha Noi,Beauty,partner,2,265035,530070,SUCCESS,1
TX001021,2026-09-12,22:39:00,Hai Phong,Fashion,web,4,1127574,4510296,SUCCESS,3
TX001022,2026-09-17,01:27:00,Ho Chi Minh,Home,web,2,1480813,2961626,SUCCESS,1
TX001023,2026-09-15,09:56:00,Ho Chi Minh,Home,mobile,2,1649383,3298766,SUCCESS,1
TX001024,2026-09-22,11:51:00,Ha Noi,Fashion,mobile,1,1162960,1162960,SUCCESS,4
TX001025,2026-09-20,19:15:00,Lam Dong,Electronics,web,1,3205226,3205226,SUCCESS,6
TX001026,2026-09-19,22:45:00,Ho Chi Minh,Toy,partner,1,325532,325532,SUCCESS,3
TX001027,2026-09-17,23:48:00,Binh Duong,Home,mobile,1,3303856,3303856,SUCCESS,3
TX001028,2026-09-29,20:21:00,Khanh Hoa,Toy,web,1,1709123,1709123,RETURNED,6
TX001029,2026-09-23,05:40:00,Da Nang,Sport,web,1,2765597,2765597,SUCCESS,4
TX001030,2026-09-21,10:57:00,Ho Chi Minh,Electronics,partner,1,10468081,10468081,SUCCESS,4
TX001031,2026-09-07,15:36:00,Binh Duong,Toy,partner,1,1338947,1338947,SUCCESS,3
TX001032,2026-09-23,22:38:00,Ho Chi Minh,Home,web,1,1408459,1408459,SUCCESS,4
TX001033,2026-09-17,18:38:00,Ho Chi Minh,Sport,mobile,2,2640766,5281532,SUCCESS,3
TX001034,2026-09-13,13:24:00,Ha Noi,Book,web,2,117389,234778,SUCCESS,3
TX001035,2026-09-15,08:21:00,Dong Nai,Fashion,mobile,2,1030708,2061416,SUCCESS,4
TX001036,2026-09-26,17:48:00,Binh Duong,Electronics,mobile,1,3074323,3074323,RETURNED,4
TX001037,2026-09-17,06:01:00,Ho Chi Minh,Fashion,web,2,1152754,2305508,SUCCESS,1
TX001038,2026-09-21,09:52:00,Ha Noi,Beauty,web,1,1432156,1432156,SUCCESS,4
TX001039,2026-09-02,22:04:00,Ha Noi,Fashion,mobile,1,408721,408721,SUCCESS,3
TX001040,2026-09-02,01:40:00,Can Tho,Beauty,partner,1,155509,155509,SUCCESS,3
TX001041,2026-09-17,18:04:00,Ho Chi Minh,Home,partner,1,2560698,2560698,SUCCESS,2
TX001042,2026-09-12,15:55:00,Ho Chi Minh,Fashion,web,1,943409,943409,SUCCESS,4
TX001043,2026-09-09,09:53:00,Ha Noi,Fashion,mobile,2,551139,1102278,SUCCESS,3
TX001044,2026-09-03,11:23:00,Can Tho,Fashion,partner,1,574675,574675,SUCCESS,6
TX001045,2026-09-18,16:25:00,Hai Phong,Grocery,web,2,287783,575566,SUCCESS,2
TX001046,2026-09-02,10:04:00,Can Tho,Home,mobile,1,4965659,4965659,SUCCESS,4
TX001047,2026-09-17,23:13:00,Ha Noi,Fashion,partner,1,743839,743839,RETURNED,3
TX001048,2026-09-02,09:10:00,Khanh Hoa,Sport,mobile,1,2581761,2581761,SUCCESS,7
TX001049,2026-09-03,21:07:00,Binh Duong,Electronics,partner,2,3386331,6772662,SUCCESS,2
TX001050,2026-09-03,00:05:00,Can Tho,Toy,partner,1,1477697,1477697,FAILED,4
TX001051,2026-09-21,09:19:00,Dong Nai,Toy,mobile,1,670869,670869,SUCCESS,5
TX001052,2026-09-25,18:50:00,Ha Noi,Book,mobile,1,435453,435453,SUCCESS,3
TX001053,2026-09-07,17:15:00,Dong Nai,Beauty,partner,2,261289,522578,SUCCESS,5
TX001054,2026-09-08,11:26:00,Khanh Hoa,Fashion,web,1,836491,836491,SUCCESS,6
TX001055,2026-09-23,19:38:00,Da Nang,Grocery,partner,1,318593,318593,SUCCESS,4
TX001056,2026-09-18,23:24:00,Ho Chi Minh,Home,partner,1,2094271,2094271,FAILED,2
TX001057,2026-09-01,00:39:00,Khanh Hoa,Toy,web,2,705138,1410276,SUCCESS,3
TX001058,2026-09-02,01:40:00,Ha Noi,Fashion,partner,3,509470,1528410,SUCCESS,3
TX001059,2026-09-19,08:11:00,Ha Noi,Grocery,partner,2,226563,453126,SUCCESS,1
TX001060,2026-09-23,08:40:00,Bac Ninh,Grocery,mobile,1,164103,164103,SUCCESS,7
TX001061,2026-09-23,07:32:00,Bac Ninh,Fashion,mobile,1,302092,302092,SUCCESS,3
TX001062,2026-09-18,06:53:00,Binh Duong,Fashion,partner,1,192020,192020,SUCCESS,3
TX001063,2026-09-02,06:50:00,Lam Dong,Grocery,partner,1,174043,174043,SUCCESS,3
TX001064,2026-09-24,12:24:00,Ho Chi Minh,Sport,mobile,1,1939842,1939842,RETURNED,3
TX001065,2026-09-23,03:06:00,Ha Noi,Fashion,partner,1,910038,910038,FAILED,2
TX001066,2026-09-21,05:41:00,Binh Duong,Sport,web,1,249313,249313,SUCCESS,5
TX001067,2026-09-24,21:37:00,Khanh Hoa,Fashion,partner,1,997919,997919,SUCCESS,5
TX001068,2026-09-17,06:38:00,Ho Chi Minh,Grocery,partner,1,93444,93444,SUCCESS,3
TX001069,2026-09-12,23:16:00,Ho Chi Minh,Toy,web,1,379093,379093,SUCCESS,4
TX001070,2026-09-17,22:10:00,Ha Noi,Home,web,2,2744635,5489270,FAILED,2
TX001071,2026-09-22,14:33:00,Ho Chi Minh,Electronics,web,1,6985387,6985387,FAILED,2
TX001072,2026-09-22,17:45:00,Ho Chi Minh,Toy,web,1,1806390,1806390,SUCCESS,4
TX001073,2026-09-15,14:03:00,Binh Duong,Electronics,partner,2,13738695,27477390,SUCCESS,5
TX001074,2026-09-29,21:57:00,Ha Noi,Grocery,partner,1,435326,435326,SUCCESS,2
TX001075,2026-09-02,19:38:00,Ho Chi Minh,Fashion,partner,2,836140,1672280,SUCCESS,4
TX001076,2026-09-27,19:57:00,Hai Phong,Sport,mobile,1,2384469,2384469,SUCCESS,4
TX001077,2026-09-14,03:36:00,Da Nang,Fashion,mobile,1,622089,622089,SUCCESS,4
TX001078,2026-09-28,04:54:00,Ho Chi Minh,Book,web,1,410240,410240,SUCCESS,2
TX001079,2026-09-14,06:21:00,Can Tho,Electronics,mobile,1,12520328,12520328,SUCCESS,7
TX001080,2026-09-25,10:59:00,Ho Chi Minh,Fashion,partner,1,649605,649605,RETURNED,8
TX001081,2026-09-27,13:25:00,Dong Nai,Grocery,web,1,169303,169303,SUCCESS,2
TX001082,2026-09-09,05:48:00,Ha Noi,Beauty,web,1,661657,661657,SUCCESS,4
TX001083,2026-09-02,19:37:00,Khanh Hoa,Grocery,mobile,1,207002,207002,SUCCESS,7
TX001084,2026-09-26,03:36:00,Ho Chi Minh,Fashion,mobile,1,784205,784205,RETURNED,4
TX001085,2026-09-06,16:03:00,Ha Noi,Home,mobile,1,1655785,1655785,SUCCESS,3
TX001086,2026-09-27,09:07:00,Dong Nai,Home,web,1,3627036,3627036,FAILED,5
TX001087,2026-09-25,15:12:00,Binh Duong,Electronics,partner,1,17692668,17692668,SUCCESS,5
TX001088,2026-09-10,08:25:00,Ho Chi Minh,Beauty,web,1,514385,514385,SUCCESS,3
TX001089,2026-09-18,06:27:00,Da Nang,Grocery,mobile,1,368415,368415,SUCCESS,2
TX001090,2026-09-20,20:32:00,Hai Phong,Sport,web,4,1687609,6750436,SUCCESS,3
TX001091,2026-09-27,15:30:00,Can Tho,Grocery,web,2,229986,459972,SUCCESS,7
TX001092,2026-09-12,09:29:00,Ha Noi,Sport,web,1,930224,930224,SUCCESS,1
TX001093,2026-09-05,04:47:00,Can Tho,Grocery,web,2,317277,634554,SUCCESS,3
TX001094,2026-09-05,14:52:00,Ho Chi Minh,Home,mobile,2,1700923,3401846,SUCCESS,1
TX001095,2026-09-08,19:38:00,Binh Duong,Grocery,partner,1,294508,294508,FAILED,3
TX001096,2026-09-17,17:04:00,Da Nang,Fashion,web,1,1074087,1074087,SUCCESS,5
TX001097,2026-09-01,00:37:00,Ho Chi Minh,Grocery,mobile,2,318523,637046,SUCCESS,4
TX001098,2026-09-24,19:46:00,Lam Dong,Electronics,mobile,2,17968045,35936090,SUCCESS,6
TX001099,2026-09-18,02:37:00,Ho Chi Minh,Electronics,partner,1,17548443,17548443,FAILED,2
TX001100,2026-09-14,17:50:00,Ho Chi Minh,Electronics,web,2,8819254,17638508,SUCCESS,4
TX001101,2026-09-12,04:00:00,Lam Dong,Sport,mobile,1,1771336,1771336,SUCCESS,7
TX001102,2026-09-17,03:30:00,Dong Nai,Grocery,web,1,65523,65523,RETURNED,6
TX001103,2026-09-02,02:57:00,Ho Chi Minh,Book,mobile,1,261504,261504,SUCCESS,1
TX001104,2026-09-23,04:29:00,Ho Chi Minh,Grocery,web,1,462387,462387,SUCCESS,2
TX001105,2026-09-29,01:47:00,Ho Chi Minh,Fashion,mobile,1,212302,212302,SUCCESS,2
TX001106,2026-09-25,21:31:00,Da Nang,Toy,partner,1,1720484,1720484,SUCCESS,3
TX001107,2026-09-23,11:00:00,Ha Noi,Book,partner,2,295852,591704,SUCCESS,3
TX001108,2026-09-08,01:57:00,Can Tho,Home,web,2,4255019,8510038,SUCCESS,6
TX001109,2026-09-27,22:17:00,Ho Chi Minh,Home,mobile,1,2286565,2286565,SUCCESS,3
TX001110,2026-09-19,04:44:00,Ho Chi Minh,Fashion,web,1,628547,628547,SUCCESS,4
TX001111,2026-09-19,20:26:00,Ho Chi Minh,Electronics,mobile,1,13627893,13627893,SUCCESS,2
TX001112,2026-09-12,01:40:00,Can Tho,Electronics,mobile,2,6541597,13083194,SUCCESS,7
TX001113,2026-09-23,10:06:00,Khanh Hoa,Sport,partner,4,709869,2839476,SUCCESS,5
TX001114,2026-09-27,00:46:00,Ha Noi,Electronics,mobile,1,11594068,11594068,RETURNED,6
TX001115,2026-09-05,21:27:00,Ho Chi Minh,Fashion,partner,2,716524,1433048,SUCCESS,4
TX001116,2026-09-11,04:26:00,Hai Phong,Electronics,mobile,1,12563463,12563463,SUCCESS,5
TX001117,2026-09-11,16:49:00,Binh Duong,Home,web,1,1502072,1502072,FAILED,3
TX001118,2026-09-21,10:20:00,Ha Noi,Beauty,mobile,1,1294817,1294817,RETURNED,5
TX001119,2026-09-30,20:43:00,Ha Noi,Electronics,partner,2,7625291,15250582,SUCCESS,4
TX001120,2026-09-15,17:26:00,Ho Chi Minh,Home,web,1,262400,262400,SUCCESS,3
TX001121,2026-09-02,21:54:00,Khanh Hoa,Fashion,partner,1,702719,702719,SUCCESS,5
TX001122,2026-09-17,23:26:00,Ho Chi Minh,Electronics,mobile,1,7968372,7968372,SUCCESS,2
TX001123,2026-09-02,19:03:00,Ho Chi Minh,Beauty,mobile,1,777524,777524,SUCCESS,4
TX001124,2026-09-22,02:18:00,Khanh Hoa,Book,partner,2,359798,719596,FAILED,4
TX001125,2026-09-27,09:02:00,Ho Chi Minh,Fashion,partner,1,205027,205027,SUCCESS,3
TX001126,2026-09-25,20:58:00,Lam Dong,Electronics,mobile,1,11474505,11474505,SUCCESS,4
TX001127,2026-09-26,12:29:00,Hai Phong,Electronics,partner,2,7919512,15839024,SUCCESS,3
TX001128,2026-09-12,18:00:00,Ha Noi,Fashion,web,2,991525,1983050,SUCCESS,1
TX001129,2026-09-08,01:55:00,Dong Nai,Home,partner,1,1701313,1701313,SUCCESS,5
TX001130,2026-09-06,13:21:00,Ho Chi Minh,Book,web,1,98250,98250,RETURNED,2
TX001131,2026-09-08,09:15:00,Ha Noi,Electronics,partner,1,7715278,7715278,SUCCESS,1
TX001132,2026-09-19,07:35:00,Ha Noi,Electronics,web,1,17420988,17420988,SUCCESS,3
TX001133,2026-09-02,21:50:00,Ha Noi,Electronics,web,2,13125965,26251930,RETURNED,5
TX001134,2026-09-05,08:49:00,Da Nang,Grocery,web,1,278213,278213,SUCCESS,4
TX001135,2026-09-15,04:51:00,Da Nang,Grocery,mobile,1,58790,58790,SUCCESS,4
TX001136,2026-09-04,09:15:00,Bac Ninh,Fashion,partner,1,766730,766730,SUCCESS,4
TX001137,2026-09-28,10:32:00,Da Nang,Electronics,web,1,5004206,5004206,SUCCESS,3
TX001138,2026-09-13,14:01:00,Ho Chi Minh,Beauty,web,2,703999,1407998,SUCCESS,4
TX001139,2026-09-30,22:35:00,Ho Chi Minh,Beauty,mobile,1,88408,88408,SUCCESS,1
TX001140,2026-09-08,05:27:00,Da Nang,Grocery,web,2,205145,410290,SUCCESS,3
TX001141,2026-09-24,04:42:00,Ha Noi,Fashion,mobile,1,513320,513320,SUCCESS,3
TX001142,2026-09-07,04:46:00,Ho Chi Minh,Grocery,mobile,1,160563,160563,SUCCESS,1
TX001143,2026-09-27,21:14:00,Ha Noi,Fashion,partner,1,506626,506626,SUCCESS,2
TX001144,2026-09-03,02:51:00,Binh Duong,Beauty,mobile,1,1284970,1284970,FAILED,2
TX001145,2026-09-05,20:49:00,Ho Chi Minh,Grocery,partner,1,485502,485502,SUCCESS,2
TX001146,2026-09-07,15:22:00,Ha Noi,Fashion,partner,1,1147422,1147422,SUCCESS,1
TX001147,2026-09-21,21:04:00,Ho Chi Minh,Electronics,partner,1,4904962,4904962,SUCCESS,1
TX001148,2026-09-21,16:21:00,Ho Chi Minh,Book,web,1,194501,194501,SUCCESS,2
TX001149,2026-09-11,16:03:00,Can Tho,Fashion,mobile,1,350318,350318,FAILED,7
TX001150,2026-09-19,08:57:00,Ha Noi,Grocery,partner,2,178275,356550,SUCCESS,2
TX001151,2026-09-23,14:53:00,Bac Ninh,Electronics,partner,1,1856661,1856661,SUCCESS,3
TX001152,2026-09-14,22:36:00,Hai Phong,Grocery,web,1,359696,359696,SUCCESS,3
TX001153,2026-09-15,18:40:00,Ha Noi,Fashion,web,1,625764,625764,SUCCESS,2
TX001154,2026-09-19,16:37:00,Dong Nai,Electronics,web,1,15036501,15036501,SUCCESS,2
TX001155,2026-09-12,16:07:00,Ha Noi,Grocery,mobile,2,367127,734254,SUCCESS,1
TX001156,2026-09-28,05:31:00,Da Nang,Book,web,2,411232,822464,SUCCESS,5
TX001157,2026-09-19,17:48:00,Khanh Hoa,Electronics,partner,1,8895011,8895011,SUCCESS,3
TX001158,2026-09-27,00:27:00,Ha Noi,Fashion,web,1,449156,449156,SUCCESS,4
TX001159,2026-09-21,10:56:00,Ha Noi,Electronics,mobile,1,5155269,5155269,FAILED,4
TX001160,2026-09-01,08:19:00,Ha Noi,Electronics,mobile,1,7075238,7075238,SUCCESS,2
TX001161,2026-09-24,16:15:00,Hai Phong,Sport,mobile,1,1054239,1054239,SUCCESS,5
TX001162,2026-09-15,08:51:00,Ho Chi Minh,Electronics,web,2,1872019,3744038,SUCCESS,2
TX001163,2026-09-11,10:56:00,Binh Duong,Grocery,web,1,236887,236887,FAILED,3
TX001164,2026-09-03,07:26:00,Ho Chi Minh,Book,web,1,339552,339552,SUCCESS,2
TX001165,2026-09-03,00:04:00,Ho Chi Minh,Home,partner,1,949799,949799,SUCCESS,1
TX001166,2026-09-15,15:32:00,Ho Chi Minh,Beauty,web,1,137297,137297,SUCCESS,1
TX001167,2026-09-09,15:59:00,Ho Chi Minh,Home,mobile,1,416772,416772,SUCCESS,3
TX001168,2026-09-12,20:52:00,Ha Noi,Grocery,mobile,2,180567,361134,SUCCESS,1
TX001169,2026-09-18,06:27:00,Ho Chi Minh,Grocery,web,2,53145,106290,SUCCESS,3
TX001170,2026-09-17,10:49:00,Hai Phong,Fashion,mobile,2,969731,1939462,SUCCESS,4
TX001171,2026-09-03,05:31:00,Ho Chi Minh,Home,partner,1,4140709,4140709,SUCCESS,4
TX001172,2026-09-17,03:50:00,Binh Duong,Electronics,partner,1,7399732,7399732,FAILED,2
TX001173,2026-09-25,02:07:00,Binh Duong,Fashion,mobile,1,492129,492129,SUCCESS,2
TX001174,2026-09-13,04:30:00,Ha Noi,Book,mobile,1,405416,405416,SUCCESS,3
TX001175,2026-09-14,13:02:00,Ha Noi,Fashion,mobile,1,393700,393700,SUCCESS,1
TX001176,2026-09-02,20:32:00,Dong Nai,Fashion,mobile,1,448565,448565,SUCCESS,4
TX001177,2026-09-25,17:36:00,Hai Phong,Fashion,web,1,297433,297433,SUCCESS,2
TX001178,2026-09-05,23:01:00,Ho Chi Minh,Grocery,web,1,203828,203828,SUCCESS,3
TX001179,2026-09-14,04:25:00,Hai Phong,Electronics,mobile,1,10976964,10976964,SUCCESS,2
TX001180,2026-09-11,02:21:00,Binh Duong,Home,partner,2,4614181,9228362,SUCCESS,2
TX001181,2026-09-10,00:56:00,Ha Noi,Electronics,web,2,7843447,15686894,FAILED,1
TX001182,2026-09-28,20:19:00,Binh Duong,Grocery,web,2,79968,159936,FAILED,2
TX001183,2026-09-10,11:57:00,Dong Nai,Toy,mobile,1,1826567,1826567,RETURNED,7
TX001184,2026-09-22,11:50:00,Can Tho,Grocery,web,1,409992,409992,SUCCESS,3
TX001185,2026-09-15,03:56:00,Da Nang,Home,mobile,1,2140700,2140700,FAILED,3
TX001186,2026-09-09,20:40:00,Ha Noi,Beauty,web,1,583615,583615,SUCCESS,3
TX001187,2026-09-14,09:04:00,Ha Noi,Grocery,web,1,360552,360552,RETURNED,2
TX001188,2026-09-06,20:40:00,Ho Chi Minh,Home,mobile,1,1904415,1904415,SUCCESS,1
TX001189,2026-09-08,00:12:00,Hai Phong,Electronics,mobile,2,8342176,16684352,SUCCESS,3
TX001190,2026-09-27,00:49:00,Ha Noi,Book,partner,4,344320,1377280,FAILED,3
TX001191,2026-09-02,20:03:00,Ha Noi,Fashion,mobile,2,1058328,2116656,FAILED,2
TX001192,2026-09-03,02:22:00,Ha Noi,Book,mobile,2,399713,799426,SUCCESS,1
TX001193,2026-09-14,00:07:00,Da Nang,Sport,partner,2,2769275,5538550,FAILED,4
TX001194,2026-09-30,04:57:00,Da Nang,Book,web,1,323789,323789,SUCCESS,3
TX001195,2026-09-16,00:50:00,Da Nang,Fashion,mobile,1,769264,769264,SUCCESS,3
TX001196,2026-09-07,10:19:00,Binh Duong,Grocery,web,1,356221,356221,SUCCESS,5
TX001197,2026-09-30,05:09:00,Ho Chi Minh,Beauty,partner,1,542206,542206,SUCCESS,2
TX001198,2026-09-07,07:18:00,Can Tho,Grocery,partner,4,464117,1856468,FAILED,7
TX001199,2026-09-20,18:12:00,Ho Chi Minh,Grocery,partner,1,339598,339598,SUCCESS,4
TX001200,2026-09-18,05:12:00,Ho Chi Minh,Book,partner,1,302669,302669,SUCCESS,2
TX001201,2026-09-15,06:38:00,Da Nang,Toy,partner,1,382375,382375,SUCCESS,4
TX001202,2026-09-13,08:59:00,Can Tho,Electronics,mobile,2,2188315,4376630,SUCCESS,6
TX001203,2026-09-03,20:22:00,Bac Ninh,Electronics,web,2,14191854,28383708,FAILED,3
TX001204,2026-09-04,00:19:00,Ho Chi Minh,Electronics,partner,1,10569977,10569977,SUCCESS,2
TX001205,2026-09-21,04:13:00,Can Tho,Book,mobile,1,384235,384235,SUCCESS,5
TX001206,2026-09-08,09:17:00,Ha Noi,Sport,partner,1,2651113,2651113,SUCCESS,1
TX001207,2026-09-23,09:29:00,Hai Phong,Home,web,1,760309,760309,SUCCESS,4
TX001208,2026-09-09,21:17:00,Ha Noi,Grocery,mobile,3,194731,584193,SUCCESS,1
TX001209,2026-09-01,11:37:00,Ha Noi,Toy,web,1,306181,306181,SUCCESS,3
TX001210,2026-09-22,06:53:00,Ho Chi Minh,Grocery,partner,1,93577,93577,SUCCESS,3
TX001211,2026-09-03,05:43:00,Hai Phong,Electronics,web,1,12038842,12038842,SUCCESS,2
TX001212,2026-09-21,13:25:00,Ha Noi,Fashion,web,2,955420,1910840,SUCCESS,2
TX001213,2026-09-04,10:06:00,Ha Noi,Electronics,web,1,4296018,4296018,SUCCESS,4
TX001214,2026-09-27,01:20:00,Da Nang,Beauty,partner,2,973429,1946858,FAILED,3
TX001215,2026-09-15,11:49:00,Ho Chi Minh,Fashion,mobile,1,168063,168063,RETURNED,5
TX001216,2026-09-03,18:43:00,Ho Chi Minh,Sport,web,1,159443,159443,SUCCESS,2
TX001217,2026-09-11,04:34:00,Can Tho,Fashion,mobile,1,300751,300751,RETURNED,6
TX001218,2026-09-26,21:58:00,Ha Noi,Electronics,mobile,2,7045676,14091352,RETURNED,5
TX001219,2026-09-29,08:57:00,Da Nang,Fashion,partner,1,452056,452056,SUCCESS,5
TX001220,2026-09-28,05:25:00,Hai Phong,Fashion,mobile,1,392604,392604,SUCCESS,4
TX001221,2026-09-29,11:49:00,Da Nang,Grocery,web,1,78059,78059,SUCCESS,3
TX001222,2026-09-29,00:22:00,Ho Chi Minh,Fashion,partner,1,253129,253129,SUCCESS,2
TX001223,2026-09-27,03:36:00,Khanh Hoa,Grocery,partner,1,197833,197833,SUCCESS,5
TX001224,2026-09-24,20:46:00,Ha Noi,Book,mobile,2,414643,829286,SUCCESS,4
TX001225,2026-09-29,04:42:00,Ho Chi Minh,Grocery,mobile,2,382851,765702,SUCCESS,3
TX001226,2026-09-12,10:23:00,Ha Noi,Grocery,web,1,132816,132816,RETURNED,7
TX001227,2026-09-09,20:31:00,Da Nang,Sport,web,1,1525231,1525231,SUCCESS,5
TX001228,2026-09-16,15:01:00,Ho Chi Minh,Toy,partner,2,1344937,2689874,SUCCESS,2
TX001229,2026-09-05,20:00:00,Da Nang,Fashion,mobile,1,173811,173811,SUCCESS,4
TX001230,2026-09-14,01:48:00,Dong Nai,Fashion,partner,2,763027,1526054,SUCCESS,5
TX001231,2026-09-23,00:55:00,Ha Noi,Electronics,web,1,12394266,12394266,SUCCESS,4
TX001232,2026-09-15,20:55:00,Dong Nai,Electronics,mobile,2,8467751,16935502,SUCCESS,3
TX001233,2026-09-21,08:36:00,Dong Nai,Electronics,partner,2,10117238,20234476,SUCCESS,5
TX001234,2026-09-25,02:02:00,Lam Dong,Electronics,partner,1,17067478,17067478,SUCCESS,7
TX001235,2026-09-26,09:16:00,Dong Nai,Fashion,mobile,2,406994,813988,SUCCESS,5
TX001236,2026-09-25,12:38:00,Ho Chi Minh,Fashion,partner,2,409866,819732,SUCCESS,3
TX001237,2026-09-27,18:36:00,Ho Chi Minh,Fashion,mobile,1,724048,724048,SUCCESS,4
TX001238,2026-09-02,03:44:00,Ha Noi,Home,web,2,2125801,4251602,SUCCESS,2
TX001239,2026-09-30,05:56:00,Dong Nai,Sport,partner,1,173361,173361,SUCCESS,3
TX001240,2026-09-29,19:24:00,Ho Chi Minh,Beauty,web,1,1170118,1170118,SUCCESS,4
TX001241,2026-09-23,17:40:00,Lam Dong,Beauty,partner,1,1004977,1004977,SUCCESS,5
TX001242,2026-09-08,15:10:00,Khanh Hoa,Fashion,web,2,578099,1156198,SUCCESS,7
TX001243,2026-09-30,08:40:00,Ha Noi,Fashion,partner,1,243699,243699,SUCCESS,2
TX001244,2026-09-26,03:44:00,Ho Chi Minh,Electronics,mobile,1,6738465,6738465,SUCCESS,4
TX001245,2026-09-12,20:21:00,Binh Duong,Fashion,mobile,1,1134672,1134672,SUCCESS,5
TX001246,2026-09-30,22:21:00,Da Nang,Beauty,web,1,1001774,1001774,SUCCESS,3
TX001247,2026-09-21,03:45:00,Binh Duong,Beauty,web,2,441850,883700,SUCCESS,5
TX001248,2026-09-05,14:06:00,Binh Duong,Home,partner,1,1406893,1406893,SUCCESS,3
TX001249,2026-09-25,14:00:00,Ha Noi,Grocery,web,1,249087,249087,SUCCESS,2
TX001250,2026-09-26,23:43:00,Ho Chi Minh,Home,web,1,3880887,3880887,SUCCESS,2
TX001251,2026-09-16,01:39:00,Ha Noi,Sport,web,1,1521020,1521020,SUCCESS,2
TX001252,2026-09-07,19:00:00,Ha Noi,Book,partner,1,241001,241001,FAILED,3
TX001253,2026-09-23,06:03:00,Da Nang,Sport,partner,1,1033260,1033260,SUCCESS,4
TX001254,2026-09-24,09:47:00,Ho Chi Minh,Fashion,partner,3,247676,743028,SUCCESS,4
TX001255,2026-09-04,17:34:00,Dong Nai,Home,web,1,1567382,1567382,FAILED,2
TX001256,2026-09-07,18:58:00,Can Tho,Electronics,partner,2,12885248,25770496,SUCCESS,3
TX001257,2026-09-09,22:26:00,Khanh Hoa,Grocery,partner,3,140319,420957,SUCCESS,3
TX001258,2026-09-07,20:51:00,Binh Duong,Electronics,web,1,6481620,6481620,SUCCESS,2
TX001259,2026-09-06,03:06:00,Ho Chi Minh,Electronics,web,1,7263520,7263520,SUCCESS,4
TX001260,2026-09-10,00:12:00,Khanh Hoa,Beauty,mobile,1,483585,483585,SUCCESS,4
TX001261,2026-09-30,14:39:00,Dong Nai,Home,partner,1,1042708,1042708,SUCCESS,5
TX001262,2026-09-24,21:14:00,Ha Noi,Fashion,partner,1,805012,805012,FAILED,2
TX001263,2026-09-17,16:33:00,Bac Ninh,Fashion,partner,1,258448,258448,SUCCESS,4
TX001264,2026-09-27,13:17:00,Ho Chi Minh,Electronics,mobile,2,4460419,8920838,SUCCESS,3
TX001265,2026-09-14,23:15:00,Binh Duong,Electronics,partner,2,2107384,4214768,SUCCESS,4
TX001266,2026-09-08,08:53:00,Ho Chi Minh,Grocery,partner,1,117216,117216,SUCCESS,4
TX001267,2026-09-02,00:26:00,Ho Chi Minh,Electronics,web,1,10642176,10642176,SUCCESS,3
TX001268,2026-09-12,08:44:00,Ha Noi,Electronics,mobile,2,13386525,26773050,SUCCESS,1
TX001269,2026-09-21,03:40:00,Da Nang,Beauty,mobile,2,441722,883444,SUCCESS,4
TX001270,2026-09-20,18:14:00,Ha Noi,Electronics,partner,2,3193082,6386164,SUCCESS,4
TX001271,2026-09-11,11:03:00,Ha Noi,Fashion,mobile,1,1145474,1145474,SUCCESS,3
TX001272,2026-09-05,21:18:00,Ha Noi,Electronics,web,1,4829972,4829972,SUCCESS,2
TX001273,2026-09-22,00:34:00,Hai Phong,Fashion,web,2,723403,1446806,SUCCESS,3
TX001274,2026-09-01,19:02:00,Da Nang,Electronics,web,1,13123014,13123014,SUCCESS,4
TX001275,2026-09-10,02:51:00,Da Nang,Electronics,web,1,15946375,15946375,SUCCESS,3
TX001276,2026-09-22,14:49:00,Ha Noi,Electronics,web,1,10125625,10125625,SUCCESS,1
TX001277,2026-09-21,08:10:00,Da Nang,Book,partner,1,60301,60301,RETURNED,5
TX001278,2026-09-01,03:18:00,Ho Chi Minh,Book,partner,1,140240,140240,SUCCESS,3
TX001279,2026-09-28,05:06:00,Dong Nai,Sport,mobile,1,983256,983256,SUCCESS,5
TX001280,2026-09-28,10:37:00,Da Nang,Fashion,web,1,921120,921120,SUCCESS,3
TX001281,2026-09-08,22:16:00,Binh Duong,Grocery,mobile,1,335588,335588,FAILED,3
TX001282,2026-09-07,08:26:00,Ha Noi,Grocery,web,1,85412,85412,SUCCESS,3
TX001283,2026-09-25,20:06:00,Lam Dong,Home,web,1,4994613,4994613,RETURNED,11
TX001284,2026-09-06,02:17:00,Ha Noi,Grocery,mobile,2,358183,716366,SUCCESS,4
TX001285,2026-09-14,20:10:00,Da Nang,Electronics,web,4,5234681,20938724,RETURNED,8
TX001286,2026-09-25,12:50:00,Ha Noi,Home,mobile,2,4170120,8340240,SUCCESS,2
TX001287,2026-09-26,15:24:00,Ha Noi,Grocery,mobile,1,112748,112748,SUCCESS,2
TX001288,2026-09-18,20:16:00,Da Nang,Toy,partner,1,1566070,1566070,FAILED,2
TX001289,2026-09-20,06:35:00,Ha Noi,Grocery,mobile,1,122814,122814,SUCCESS,1
TX001290,2026-09-27,10:38:00,Binh Duong,Home,partner,2,3736909,7473818,SUCCESS,3
TX001291,2026-09-13,01:15:00,Lam Dong,Grocery,web,1,298278,298278,SUCCESS,6
TX001292,2026-09-08,06:33:00,Bac Ninh,Fashion,partner,3,972766,2918298,RETURNED,7
TX001293,2026-09-19,05:02:00,Da Nang,Grocery,mobile,1,102068,102068,SUCCESS,2
TX001294,2026-09-02,00:05:00,Can Tho,Electronics,web,2,11262963,22525926,SUCCESS,4
TX001295,2026-09-19,12:58:00,Ha Noi,Electronics,partner,1,14877876,14877876,SUCCESS,3
TX001296,2026-09-01,23:57:00,Khanh Hoa,Fashion,partner,1,753524,753524,SUCCESS,4
TX001297,2026-09-14,03:49:00,Ho Chi Minh,Home,partner,1,4262096,4262096,SUCCESS,1
TX001298,2026-09-25,14:57:00,Lam Dong,Beauty,web,1,385052,385052,SUCCESS,3
TX001299,2026-09-15,20:34:00,Can Tho,Sport,mobile,2,2739591,5479182,SUCCESS,7
TX001300,2026-09-29,03:36:00,Da Nang,Fashion,web,3,775046,2325138,SUCCESS,2
TX001301,2026-09-06,15:34:00,Can Tho,Beauty,mobile,2,1081928,2163856,FAILED,3
TX001302,2026-09-06,03:51:00,Ha Noi,Electronics,web,1,3275916,3275916,SUCCESS,2
TX001303,2026-09-24,10:09:00,Da Nang,Fashion,mobile,1,914784,914784,SUCCESS,3
TX001304,2026-09-25,03:17:00,Bac Ninh,Fashion,mobile,1,735131,735131,SUCCESS,5
TX001305,2026-09-12,22:19:00,Ha Noi,Home,mobile,2,3916959,7833918,SUCCESS,3
TX001306,2026-09-11,01:05:00,Ha Noi,Grocery,mobile,1,98606,98606,SUCCESS,2
TX001307,2026-09-16,07:33:00,Hai Phong,Electronics,web,1,14504009,14504009,SUCCESS,3
TX001308,2026-09-06,09:20:00,Ha Noi,Fashion,mobile,1,1017962,1017962,SUCCESS,1
TX001309,2026-09-02,06:18:00,Ha Noi,Electronics,web,1,4552581,4552581,SUCCESS,1
TX001310,2026-09-22,14:22:00,Da Nang,Toy,mobile,1,1281817,1281817,RETURNED,6
TX001311,2026-09-21,07:16:00,Ha Noi,Beauty,web,1,239676,239676,SUCCESS,3
TX001312,2026-09-22,18:53:00,Ho Chi Minh,Grocery,web,2,271803,543606,SUCCESS,2
TX001313,2026-09-26,08:55:00,Hai Phong,Fashion,mobile,2,651036,1302072,SUCCESS,4
TX001314,2026-09-30,16:23:00,Ho Chi Minh,Beauty,partner,2,485901,971802,SUCCESS,4
TX001315,2026-09-29,06:04:00,Binh Duong,Toy,mobile,1,685450,685450,SUCCESS,3
TX001316,2026-09-08,17:22:00,Ha Noi,Home,partner,1,3166465,3166465,SUCCESS,1
TX001317,2026-09-18,14:44:00,Lam Dong,Home,mobile,4,478502,1914008,RETURNED,7
TX001318,2026-09-29,09:42:00,Khanh Hoa,Fashion,partner,1,760855,760855,SUCCESS,6
TX001319,2026-09-14,01:02:00,Ho Chi Minh,Electronics,partner,1,15460118,15460118,SUCCESS,2
TX001320,2026-09-17,10:59:00,Hai Phong,Grocery,web,1,399401,399401,FAILED,4
TX001321,2026-09-30,07:02:00,Da Nang,Electronics,partner,1,16517374,16517374,SUCCESS,3
TX001322,2026-09-28,06:06:00,Ha Noi,Toy,mobile,2,645124,1290248,SUCCESS,3
TX001323,2026-09-11,14:00:00,Ha Noi,Electronics,web,1,13995597,13995597,SUCCESS,2
TX001324,2026-09-26,20:25:00,Binh Duong,Electronics,partner,1,4982578,4982578,SUCCESS,2
TX001325,2026-09-27,07:24:00,Da Nang,Electronics,mobile,2,6089071,12178142,SUCCESS,5
TX001326,2026-09-20,18:00:00,Ho Chi Minh,Electronics,mobile,1,2199938,2199938,SUCCESS,1
TX001327,2026-09-09,14:49:00,Ho Chi Minh,Home,mobile,1,2627352,2627352,RETURNED,5
TX001328,2026-09-20,03:59:00,Binh Duong,Beauty,mobile,1,937038,937038,SUCCESS,2
TX001329,2026-09-19,09:34:00,Khanh Hoa,Electronics,mobile,1,10559931,10559931,SUCCESS,6
TX001330,2026-09-18,17:54:00,Ho Chi Minh,Electronics,web,1,1637613,1637613,SUCCESS,3
TX001331,2026-09-19,03:37:00,Can Tho,Sport,partner,1,1690501,1690501,SUCCESS,6
TX001332,2026-09-10,04:58:00,Ho Chi Minh,Electronics,mobile,1,14798148,14798148,SUCCESS,1
TX001333,2026-09-25,01:57:00,Bac Ninh,Book,mobile,1,66061,66061,SUCCESS,6
TX001334,2026-09-02,01:31:00,Hai Phong,Fashion,mobile,1,302400,302400,FAILED,3
TX001335,2026-09-01,16:02:00,Ho Chi Minh,Electronics,mobile,1,1396104,1396104,RETURNED,8
TX001336,2026-09-14,05:37:00,Hai Phong,Book,mobile,1,251901,251901,SUCCESS,3
TX001337,2026-09-05,04:22:00,Da Nang,Grocery,web,1,169602,169602,SUCCESS,5
TX001338,2026-09-13,00:43:00,Hai Phong,Fashion,partner,2,340695,681390,SUCCESS,5
TX001339,2026-09-06,18:04:00,Ha Noi,Grocery,mobile,1,290542,290542,SUCCESS,3
TX001340,2026-09-13,12:29:00,Lam Dong,Grocery,web,1,175985,175985,SUCCESS,5
TX001341,2026-09-03,15:48:00,Ha Noi,Grocery,web,4,391154,1564616,SUCCESS,3
TX001342,2026-09-22,21:53:00,Ha Noi,Home,partner,2,208604,417208,FAILED,1
TX001343,2026-09-04,22:07:00,Ho Chi Minh,Grocery,partner,1,149229,149229,SUCCESS,4
TX001344,2026-09-15,06:52:00,Hai Phong,Electronics,web,1,17435879,17435879,SUCCESS,4
TX001345,2026-09-30,09:27:00,Ha Noi,Grocery,web,1,340954,340954,SUCCESS,4
TX001346,2026-09-19,19:33:00,Dong Nai,Electronics,mobile,2,5939586,11879172,SUCCESS,2
TX001347,2026-09-16,02:56:00,Ha Noi,Fashion,mobile,3,585104,1755312,SUCCESS,3
TX001348,2026-09-12,15:39:00,Ho Chi Minh,Sport,partner,2,403652,807304,RETURNED,5
TX001349,2026-09-20,12:52:00,Ho Chi Minh,Grocery,mobile,1,497138,497138,SUCCESS,2
TX001350,2026-09-29,16:48:00,Lam Dong,Fashion,partner,1,219473,219473,SUCCESS,6
TX001351,2026-09-16,06:31:00,Ho Chi Minh,Fashion,web,1,454402,454402,SUCCESS,3
TX001352,2026-09-02,22:25:00,Ho Chi Minh,Beauty,web,2,289148,578296,RETURNED,2
TX001353,2026-09-15,22:50:00,Binh Duong,Beauty,mobile,1,451505,451505,SUCCESS,3
TX001354,2026-09-13,04:46:00,Hai Phong,Electronics,web,2,7143378,14286756,SUCCESS,4
TX001355,2026-09-01,11:33:00,Ha Noi,Fashion,partner,2,285548,571096,RETURNED,7
TX001356,2026-09-29,02:37:00,Ho Chi Minh,Grocery,web,1,82372,82372,RETURNED,4
TX001357,2026-09-03,23:49:00,Ha Noi,Toy,web,1,318549,318549,SUCCESS,1
TX001358,2026-09-20,11:56:00,Ha Noi,Book,partner,1,334563,334563,SUCCESS,2
TX001359,2026-09-17,08:18:00,Ho Chi Minh,Beauty,mobile,1,837797,837797,RETURNED,2
TX001360,2026-09-26,23:53:00,Ho Chi Minh,Sport,partner,2,1252128,2504256,FAILED,4
TX001361,2026-09-13,03:41:00,Hai Phong,Electronics,web,1,8508288,8508288,SUCCESS,5
TX001362,2026-09-16,05:00:00,Ho Chi Minh,Electronics,web,1,12874890,12874890,SUCCESS,3
TX001363,2026-09-21,21:45:00,Da Nang,Electronics,partner,1,3251796,3251796,SUCCESS,2
TX001364,2026-09-02,10:53:00,Da Nang,Book,web,1,178075,178075,SUCCESS,2
TX001365,2026-09-06,07:24:00,Ha Noi,Fashion,partner,2,405382,810764,RETURNED,7
TX001366,2026-09-09,11:14:00,Ha Noi,Grocery,partner,1,117811,117811,FAILED,1
TX001367,2026-09-07,10:31:00,Ho Chi Minh,Fashion,mobile,1,283027,283027,SUCCESS,1
TX001368,2026-09-08,09:03:00,Ha Noi,Beauty,mobile,1,432842,432842,SUCCESS,1
TX001369,2026-09-24,20:49:00,Binh Duong,Grocery,partner,2,389868,779736,SUCCESS,3
TX001370,2026-09-17,21:41:00,Ho Chi Minh,Grocery,web,1,391898,391898,SUCCESS,3
TX001371,2026-09-22,18:55:00,Da Nang,Home,mobile,1,1496654,1496654,FAILED,4
TX001372,2026-09-15,03:41:00,Dong Nai,Book,partner,1,445309,445309,SUCCESS,4
TX001373,2026-09-06,19:13:00,Can Tho,Home,partner,1,2313610,2313610,RETURNED,6
TX001374,2026-09-24,21:19:00,Binh Duong,Electronics,web,1,13276291,13276291,SUCCESS,3
TX001375,2026-09-13,14:33:00,Lam Dong,Beauty,web,2,1000454,2000908,SUCCESS,3
TX001376,2026-09-17,23:20:00,Hai Phong,Electronics,mobile,1,5583644,5583644,SUCCESS,2
TX001377,2026-09-28,01:45:00,Ha Noi,Home,partner,1,1004918,1004918,SUCCESS,1
TX001378,2026-09-08,08:50:00,Bac Ninh,Electronics,web,2,3683951,7367902,SUCCESS,3
TX001379,2026-09-12,23:59:00,Ha Noi,Toy,mobile,1,1260110,1260110,FAILED,1
TX001380,2026-09-23,03:46:00,Ha Noi,Electronics,web,1,14818495,14818495,SUCCESS,2
TX001381,2026-09-26,22:57:00,Ho Chi Minh,Fashion,partner,1,246761,246761,RETURNED,6
TX001382,2026-09-14,22:25:00,Da Nang,Electronics,web,1,8740342,8740342,FAILED,5
TX001383,2026-09-20,17:52:00,Khanh Hoa,Electronics,web,1,11115928,11115928,SUCCESS,4
TX001384,2026-09-24,10:10:00,Dong Nai,Book,partner,1,410313,410313,SUCCESS,4
TX001385,2026-09-04,20:26:00,Can Tho,Grocery,web,1,145659,145659,RETURNED,9
TX001386,2026-09-17,15:22:00,Can Tho,Fashion,mobile,1,591676,591676,FAILED,7
TX001387,2026-09-19,11:05:00,Ha Noi,Toy,partner,1,633217,633217,SUCCESS,4
TX001388,2026-09-13,05:00:00,Hai Phong,Sport,partner,4,2516919,10067676,SUCCESS,5
TX001389,2026-09-28,01:30:00,Binh Duong,Fashion,partner,1,1023679,1023679,SUCCESS,2
TX001390,2026-09-16,02:40:00,Khanh Hoa,Sport,mobile,1,2649572,2649572,RETURNED,11
TX001391,2026-09-14,17:57:00,Dong Nai,Electronics,mobile,1,9237263,9237263,RETURNED,6
TX001392,2026-09-06,13:50:00,Lam Dong,Fashion,mobile,1,529811,529811,SUCCESS,3
TX001393,2026-09-26,18:50:00,Ho Chi Minh,Book,web,1,406866,406866,SUCCESS,3
TX001394,2026-09-07,11:11:00,Lam Dong,Electronics,mobile,2,16186554,32373108,SUCCESS,4
TX001395,2026-09-24,00:07:00,Binh Duong,Fashion,mobile,1,221941,221941,SUCCESS,5
TX001396,2026-09-07,17:12:00,Ha Noi,Grocery,web,1,332673,332673,SUCCESS,3
TX001397,2026-09-30,09:16:00,Dong Nai,Sport,web,1,253123,253123,SUCCESS,2
TX001398,2026-09-02,03:39:00,Khanh Hoa,Grocery,web,2,64452,128904,SUCCESS,6
TX001399,2026-09-28,11:57:00,Ho Chi Minh,Toy,mobile,2,414936,829872,SUCCESS,2
TX001400,2026-09-29,07:51:00,Ho Chi Minh,Beauty,mobile,1,1340247,1340247,SUCCESS,2
TX001401,2026-09-06,19:36:00,Hai Phong,Toy,partner,2,1523798,3047596,SUCCESS,3
TX001402,2026-09-28,11:03:00,Da Nang,Electronics,web,1,13400075,13400075,SUCCESS,4
TX001403,2026-09-22,08:51:00,Ho Chi Minh,Sport,mobile,1,656643,656643,SUCCESS,2
TX001404,2026-09-02,18:08:00,Ha Noi,Grocery,partner,3,82311,246933,SUCCESS,2
TX001405,2026-09-05,01:54:00,Lam Dong,Grocery,web,1,310039,310039,SUCCESS,4
TX001406,2026-09-10,20:41:00,Bac Ninh,Toy,partner,1,682445,682445,SUCCESS,7
TX001407,2026-09-26,18:18:00,Ha Noi,Home,web,2,679492,1358984,SUCCESS,3
TX001408,2026-09-17,21:52:00,Can Tho,Sport,mobile,1,2379577,2379577,SUCCESS,6
TX001409,2026-09-05,18:11:00,Dong Nai,Electronics,web,1,11778212,11778212,SUCCESS,2
TX001410,2026-09-18,12:55:00,Ha Noi,Book,web,1,349321,349321,SUCCESS,4
TX001411,2026-09-17,10:53:00,Ho Chi Minh,Grocery,mobile,1,223088,223088,FAILED,3
TX001412,2026-09-20,11:46:00,Ho Chi Minh,Grocery,mobile,1,340601,340601,SUCCESS,1
TX001413,2026-09-01,00:34:00,Dong Nai,Electronics,web,1,6861547,6861547,SUCCESS,2
TX001414,2026-09-14,23:51:00,Ha Noi,Electronics,web,1,9375567,9375567,SUCCESS,4
TX001415,2026-09-04,09:02:00,Ha Noi,Grocery,mobile,1,71892,71892,SUCCESS,4
TX001416,2026-09-27,05:59:00,Lam Dong,Grocery,web,1,214767,214767,FAILED,5
TX001417,2026-09-06,05:55:00,Da Nang,Book,web,2,148763,297526,SUCCESS,3
TX001418,2026-09-06,16:11:00,Ha Noi,Electronics,mobile,4,3523747,14094988,SUCCESS,4
TX001419,2026-09-22,20:13:00,Ha Noi,Electronics,mobile,1,5907031,5907031,SUCCESS,4
TX001420,2026-09-27,01:12:00,Ho Chi Minh,Grocery,web,4,250090,1000360,SUCCESS,3
TX001421,2026-09-02,01:10:00,Ho Chi Minh,Fashion,mobile,1,1106206,1106206,SUCCESS,4
TX001422,2026-09-04,14:22:00,Ha Noi,Book,partner,1,414875,414875,SUCCESS,4
TX001423,2026-09-01,08:41:00,Ha Noi,Fashion,partner,1,457855,457855,SUCCESS,3
TX001424,2026-09-14,04:44:00,Khanh Hoa,Book,partner,3,197688,593064,SUCCESS,5
TX001425,2026-09-11,01:50:00,Ho Chi Minh,Fashion,mobile,1,760370,760370,SUCCESS,3
TX001426,2026-09-27,07:40:00,Ho Chi Minh,Fashion,web,1,979660,979660,SUCCESS,4
TX001427,2026-09-28,13:18:00,Hai Phong,Beauty,partner,2,410706,821412,SUCCESS,2
TX001428,2026-09-08,21:19:00,Ha Noi,Grocery,mobile,1,201349,201349,SUCCESS,3
TX001429,2026-09-22,12:13:00,Binh Duong,Electronics,web,1,5416481,5416481,SUCCESS,2
TX001430,2026-09-28,19:18:00,Ha Noi,Electronics,mobile,1,2118915,2118915,SUCCESS,4
TX001431,2026-09-25,01:33:00,Hai Phong,Fashion,web,3,827540,2482620,SUCCESS,3
TX001432,2026-09-12,21:10:00,Hai Phong,Grocery,web,1,394780,394780,RETURNED,5
TX001433,2026-09-14,11:59:00,Khanh Hoa,Electronics,mobile,1,14869930,14869930,SUCCESS,5
TX001434,2026-09-10,11:05:00,Can Tho,Electronics,web,1,8984316,8984316,SUCCESS,7
TX001435,2026-09-02,11:41:00,Da Nang,Sport,mobile,2,791689,1583378,SUCCESS,5
TX001436,2026-09-14,00:26:00,Ha Noi,Fashion,web,2,753545,1507090,FAILED,1
TX001437,2026-09-08,08:55:00,Dong Nai,Book,web,2,227387,454774,RETURNED,5
TX001438,2026-09-07,01:47:00,Ho Chi Minh,Electronics,web,4,9044124,36176496,SUCCESS,1
TX001439,2026-09-01,23:59:00,Ha Noi,Fashion,web,2,1044787,2089574,SUCCESS,4
TX001440,2026-09-22,18:31:00,Da Nang,Fashion,web,1,642449,642449,SUCCESS,3
TX001441,2026-09-27,11:23:00,Da Nang,Fashion,partner,1,477831,477831,SUCCESS,2
TX001442,2026-09-01,17:53:00,Ha Noi,Beauty,partner,2,862866,1725732,SUCCESS,3
TX001443,2026-09-25,20:53:00,Ho Chi Minh,Beauty,mobile,1,1118493,1118493,SUCCESS,2
TX001444,2026-09-03,06:39:00,Ho Chi Minh,Book,mobile,2,405277,810554,SUCCESS,2
TX001445,2026-09-28,06:02:00,Ha Noi,Toy,mobile,1,1988596,1988596,SUCCESS,2
TX001446,2026-09-12,08:05:00,Can Tho,Grocery,partner,1,82287,82287,RETURNED,5
TX001447,2026-09-16,18:38:00,Bac Ninh,Grocery,mobile,1,268244,268244,SUCCESS,4
TX001448,2026-09-05,17:07:00,Da Nang,Book,mobile,1,363617,363617,SUCCESS,5
TX001449,2026-09-12,14:00:00,Ha Noi,Grocery,partner,1,41253,41253,SUCCESS,3
TX001450,2026-09-12,20:43:00,Da Nang,Book,web,3,435844,1307532,SUCCESS,5
TX001451,2026-09-14,20:50:00,Ho Chi Minh,Grocery,web,1,172062,172062,SUCCESS,3
TX001452,2026-09-28,20:33:00,Binh Duong,Fashion,mobile,1,1161938,1161938,SUCCESS,4
TX001453,2026-09-11,14:41:00,Ho Chi Minh,Grocery,mobile,1,197198,197198,SUCCESS,4
TX001454,2026-09-25,16:48:00,Ha Noi,Home,web,1,1522614,1522614,SUCCESS,4
TX001455,2026-09-02,21:55:00,Ha Noi,Fashion,partner,1,607779,607779,SUCCESS,3
TX001456,2026-09-09,04:28:00,Ha Noi,Fashion,partner,1,663600,663600,SUCCESS,2
TX001457,2026-09-25,11:58:00,Binh Duong,Electronics,mobile,1,10347319,10347319,RETURNED,4
TX001458,2026-09-14,11:23:00,Ho Chi Minh,Sport,web,1,1899680,1899680,SUCCESS,1
TX001459,2026-09-27,12:37:00,Ha Noi,Fashion,mobile,1,936763,936763,SUCCESS,4
TX001460,2026-09-30,01:10:00,Ho Chi Minh,Fashion,partner,1,806381,806381,SUCCESS,1
TX001461,2026-09-20,19:30:00,Hai Phong,Electronics,web,1,7249615,7249615,SUCCESS,2
TX001462,2026-09-13,22:33:00,Ha Noi,Fashion,mobile,2,356491,712982,FAILED,1
TX001463,2026-09-28,23:44:00,Ho Chi Minh,Home,web,1,1009794,1009794,SUCCESS,1
TX001464,2026-09-10,23:34:00,Dong Nai,Grocery,partner,2,400268,800536,SUCCESS,3
TX001465,2026-09-19,00:34:00,Ha Noi,Electronics,partner,1,11996657,11996657,SUCCESS,3
TX001466,2026-09-08,08:46:00,Khanh Hoa,Home,web,2,4679364,9358728,SUCCESS,4
TX001467,2026-09-09,01:40:00,Dong Nai,Toy,partner,1,1778250,1778250,FAILED,2
TX001468,2026-09-16,07:14:00,Can Tho,Sport,web,1,1970552,1970552,SUCCESS,3
TX001469,2026-09-09,15:23:00,Ha Noi,Grocery,mobile,1,148284,148284,SUCCESS,2
TX001470,2026-09-09,12:04:00,Ho Chi Minh,Book,partner,1,421325,421325,SUCCESS,4
TX001471,2026-09-17,20:23:00,Dong Nai,Electronics,partner,1,4570581,4570581,SUCCESS,5
TX001472,2026-09-06,00:52:00,Ho Chi Minh,Grocery,partner,4,213471,853884,FAILED,2
TX001473,2026-09-18,18:50:00,Ho Chi Minh,Beauty,mobile,1,1362692,1362692,SUCCESS,2
TX001474,2026-09-29,01:38:00,Ho Chi Minh,Grocery,partner,1,200996,200996,SUCCESS,4
TX001475,2026-09-14,13:20:00,Khanh Hoa,Grocery,mobile,1,170570,170570,RETURNED,6
TX001476,2026-09-27,03:03:00,Can Tho,Grocery,mobile,1,190953,190953,FAILED,5
TX001477,2026-09-13,13:14:00,Ha Noi,Grocery,partner,2,245457,490914,SUCCESS,4
TX001478,2026-09-27,11:10:00,Da Nang,Grocery,partner,1,437060,437060,SUCCESS,3
TX001479,2026-09-30,03:03:00,Ho Chi Minh,Fashion,mobile,3,805070,2415210,SUCCESS,4
TX001480,2026-09-26,03:53:00,Da Nang,Electronics,partner,1,7210991,7210991,SUCCESS,3
TX001481,2026-09-02,20:56:00,Ho Chi Minh,Fashion,mobile,4,1113477,4453908,SUCCESS,2
TX001482,2026-09-17,20:44:00,Khanh Hoa,Electronics,partner,2,8342197,16684394,SUCCESS,5
TX001483,2026-09-10,06:03:00,Ha Noi,Toy,mobile,2,471776,943552,RETURNED,7
TX001484,2026-09-26,22:01:00,Ha Noi,Beauty,mobile,1,419729,419729,SUCCESS,2
TX001485,2026-09-17,22:43:00,Khanh Hoa,Electronics,partner,2,8948597,17897194,SUCCESS,5
TX001486,2026-09-16,14:35:00,Lam Dong,Grocery,partner,2,116420,232840,SUCCESS,5
TX001487,2026-09-28,04:28:00,Ho Chi Minh,Grocery,mobile,1,432715,432715,SUCCESS,3
TX001488,2026-09-02,08:06:00,Ho Chi Minh,Fashion,web,1,756640,756640,SUCCESS,1
TX001489,2026-09-25,07:40:00,Ha Noi,Electronics,web,1,3945949,3945949,FAILED,1
TX001490,2026-09-12,08:07:00,Ho Chi Minh,Book,partner,1,297621,297621,SUCCESS,3
TX001491,2026-09-30,05:49:00,Da Nang,Fashion,partner,1,793154,793154,SUCCESS,3
TX001492,2026-09-16,18:13:00,Ha Noi,Home,web,1,4304156,4304156,SUCCESS,3
TX001493,2026-09-25,01:54:00,Dong Nai,Electronics,mobile,1,11552006,11552006,SUCCESS,3
TX001494,2026-09-07,10:10:00,Ho Chi Minh,Home,mobile,1,3189759,3189759,RETURNED,6
TX001495,2026-09-14,04:05:00,Dong Nai,Book,web,1,306025,306025,SUCCESS,5
TX001496,2026-09-04,02:58:00,Hai Phong,Fashion,mobile,1,1015743,1015743,FAILED,2
TX001497,2026-09-08,22:09:00,Ho Chi Minh,Grocery,partner,1,463696,463696,SUCCESS,4
TX001498,2026-09-14,21:56:00,Ho Chi Minh,Home,mobile,1,4493775,4493775,FAILED,3
TX001499,2026-09-22,18:30:00,Ha Noi,Fashion,mobile,1,1161370,1161370,SUCCESS,1
TX001500,2026-09-11,05:11:00,Ha Noi,Fashion,partner,1,908677,908677,SUCCESS,1
